file,line,type,commit,author,date,time,timezone,datetime,depth,length
style.css,1,css,cbeee1c9,haw129-spec,2026-04-10,12:13:19,-07:00,2026-04-10T12:13:19-07:00,0,5
style.css,2,css,cbeee1c9,haw129-spec,2026-04-10,12:13:19,-07:00,2026-04-10T12:13:19-07:00,1,31
style.css,3,css,cbeee1c9,haw129-spec,2026-04-10,12:13:19,-07:00,2026-04-10T12:13:19-07:00,0,0
style.css,4,css,cbeee1c9,haw129-spec,2026-04-10,12:13:19,-07:00,2026-04-10T12:13:19-07:00,0,0
style.css,5,css,cbeee1c9,haw129-spec,2026-04-10,12:13:19,-07:00,2026-04-10T12:13:19-07:00,0,4
style.css,6,css,cbeee1c9,haw129-spec,2026-04-10,12:13:19,-07:00,2026-04-10T12:13:19-07:00,1,43
style.css,7,css,cbeee1c9,haw129-spec,2026-04-10,12:13:19,-07:00,2026-04-10T12:13:19-07:00,0,42
style.css,8,css,cbeee1c9,haw129-spec,2026-04-10,12:13:19,-07:00,2026-04-10T12:13:19-07:00,0,0
style.css,9,css,cbeee1c9,haw129-spec,2026-04-10,12:13:19,-07:00,2026-04-10T12:13:19-07:00,1,15
style.css,10,css,cbeee1c9,haw129-spec,2026-04-10,12:13:19,-07:00,2026-04-10T12:13:19-07:00,1,19
style.css,11,css,cbeee1c9,haw129-spec,2026-04-10,12:13:19,-07:00,2026-04-10T12:13:19-07:00,1,12
style.css,12,css,cbeee1c9,haw129-spec,2026-04-10,12:13:19,-07:00,2026-04-10T12:13:19-07:00,0,0
style.css,13,css,cbeee1c9,haw129-spec,2026-04-10,12:13:19,-07:00,2026-04-10T12:13:19-07:00,1,32
style.css,14,css,cbeee1c9,haw129-spec,2026-04-10,12:13:19,-07:00,2026-04-10T12:13:19-07:00,1,23
style.css,15,css,cbeee1c9,haw129-spec,2026-04-10,12:13:19,-07:00,2026-04-10T12:13:19-07:00,0,0
style.css,16,css,cbeee1c9,haw129-spec,2026-04-10,12:13:19,-07:00,2026-04-10T12:13:19-07:00,0,0
style.css,17,css,cbeee1c9,haw129-spec,2026-04-10,12:13:19,-07:00,2026-04-10T12:13:19-07:00,0,2
style.css,18,css,cbeee1c9,haw129-spec,2026-04-10,12:13:19,-07:00,2026-04-10T12:13:19-07:00,2,12
style.css,19,css,cbeee1c9,haw129-spec,2026-04-10,12:13:19,-07:00,2026-04-10T12:13:19-07:00,2,18
style.css,20,css,cbeee1c9,haw129-spec,2026-04-10,12:13:19,-07:00,2026-04-10T12:13:19-07:00,1,0
style.css,21,css,cbeee1c9,haw129-spec,2026-04-10,12:13:19,-07:00,2026-04-10T12:13:19-07:00,0,4
style.css,22,css,cbeee1c9,haw129-spec,2026-04-10,12:13:19,-07:00,2026-04-10T12:13:19-07:00,2,6
style.css,23,css,cbeee1c9,haw129-spec,2026-04-10,12:13:19,-07:00,2026-04-10T12:13:19-07:00,2,17
style.css,24,css,cbeee1c9,haw129-spec,2026-04-10,12:13:19,-07:00,2026-04-10T12:13:19-07:00,2,20
style.css,25,css,cbeee1c9,haw129-spec,2026-04-10,12:13:19,-07:00,2026-04-10T12:13:19-07:00,2,12
style.css,26,css,cbeee1c9,haw129-spec,2026-04-10,12:13:19,-07:00,2026-04-10T12:13:19-07:00,2,13
style.css,27,css,cbeee1c9,haw129-spec,2026-04-10,12:13:19,-07:00,2026-04-10T12:13:19-07:00,2,0
style.css,28,css,cbeee1c9,haw129-spec,2026-04-10,12:13:19,-07:00,2026-04-10T12:13:19-07:00,0,0
style.css,29,css,cbeee1c9,haw129-spec,2026-04-10,12:13:19,-07:00,2026-04-10T12:13:19-07:00,0,0
style.css,30,css,cbeee1c9,haw129-spec,2026-04-10,12:13:19,-07:00,2026-04-10T12:13:19-07:00,0,0
style.css,31,css,cbeee1c9,haw129-spec,2026-04-10,12:13:19,-07:00,2026-04-10T12:13:19-07:00,0,13
style.css,32,css,cbeee1c9,haw129-spec,2026-04-10,12:13:19,-07:00,2026-04-10T12:13:19-07:00,1,43
style.css,33,css,cbeee1c9,haw129-spec,2026-04-10,12:13:19,-07:00,2026-04-10T12:13:19-07:00,0,0
style.css,34,css,cbeee1c9,haw129-spec,2026-04-10,12:13:19,-07:00,2026-04-10T12:13:19-07:00,0,0
style.css,35,css,cbeee1c9,haw129-spec,2026-04-10,12:13:19,-07:00,2026-04-10T12:13:19-07:00,0,11
style.css,36,css,cbeee1c9,haw129-spec,2026-04-10,12:13:19,-07:00,2026-04-10T12:13:19-07:00,1,43
style.css,37,css,cbeee1c9,haw129-spec,2026-04-10,12:13:19,-07:00,2026-04-10T12:13:19-07:00,0,0
style.css,38,css,cbeee1c9,haw129-spec,2026-04-10,12:13:19,-07:00,2026-04-10T12:13:19-07:00,0,0
style.css,39,css,cbeee1c9,haw129-spec,2026-04-10,12:13:19,-07:00,2026-04-10T12:13:19-07:00,0,4
style.css,40,css,cbeee1c9,haw129-spec,2026-04-10,12:13:19,-07:00,2026-04-10T12:13:19-07:00,2,12
style.css,41,css,cbeee1c9,haw129-spec,2026-04-10,12:13:19,-07:00,2026-04-10T12:13:19-07:00,2,30
style.css,42,css,cbeee1c9,haw129-spec,2026-04-10,12:13:19,-07:00,2026-04-10T12:13:19-07:00,2,7
style.css,43,css,cbeee1c9,haw129-spec,2026-04-10,12:13:19,-07:00,2026-04-10T12:13:19-07:00,0,0
style.css,44,css,cbeee1c9,haw129-spec,2026-04-10,12:13:19,-07:00,2026-04-10T12:13:19-07:00,0,0
style.css,45,css,cbeee1c9,haw129-spec,2026-04-10,12:13:19,-07:00,2026-04-10T12:13:19-07:00,0,10
style.css,46,css,cbeee1c9,haw129-spec,2026-04-10,12:13:19,-07:00,2026-04-10T12:13:19-07:00,2,12
style.css,47,css,cbeee1c9,haw129-spec,2026-04-10,12:13:19,-07:00,2026-04-10T12:13:19-07:00,2,29
style.css,48,css,cbeee1c9,haw129-spec,2026-04-10,12:13:19,-07:00,2026-04-10T12:13:19-07:00,2,18
style.css,49,css,cbeee1c9,haw129-spec,2026-04-10,12:13:19,-07:00,2026-04-10T12:13:19-07:00,0,0
style.css,50,css,cbeee1c9,haw129-spec,2026-04-10,12:13:19,-07:00,2026-04-10T12:13:19-07:00,0,0
style.css,51,css,cbeee1c9,haw129-spec,2026-04-10,12:13:19,-07:00,2026-04-10T12:13:19-07:00,0,11
style.css,52,css,cbeee1c9,haw129-spec,2026-04-10,12:13:19,-07:00,2026-04-10T12:13:19-07:00,2,18
style.css,53,css,cbeee1c9,haw129-spec,2026-04-10,12:13:19,-07:00,2026-04-10T12:13:19-07:00,0,0
style.css,54,css,cbeee1c9,haw129-spec,2026-04-10,12:13:19,-07:00,2026-04-10T12:13:19-07:00,0,0
style.css,55,css,cbeee1c9,haw129-spec,2026-04-10,12:13:19,-07:00,2026-04-10T12:13:19-07:00,0,4
style.css,56,css,cbeee1c9,haw129-spec,2026-04-10,12:13:19,-07:00,2026-04-10T12:13:19-07:00,0,7
style.css,57,css,cbeee1c9,haw129-spec,2026-04-10,12:13:19,-07:00,2026-04-10T12:13:19-07:00,0,6
style.css,58,css,cbeee1c9,haw129-spec,2026-04-10,12:13:19,-07:00,2026-04-10T12:13:19-07:00,2,12
style.css,59,css,cbeee1c9,haw129-spec,2026-04-10,12:13:19,-07:00,2026-04-10T12:13:19-07:00,2,10
style.css,60,css,cbeee1c9,haw129-spec,2026-04-10,12:13:19,-07:00,2026-04-10T12:13:19-07:00,2,21
style.css,61,css,cbeee1c9,haw129-spec,2026-04-10,12:13:19,-07:00,2026-04-10T12:13:19-07:00,0,0
style.css,62,css,cbeee1c9,haw129-spec,2026-04-10,12:13:19,-07:00,2026-04-10T12:13:19-07:00,0,0
style.css,63,css,cbeee1c9,haw129-spec,2026-04-10,12:13:19,-07:00,2026-04-10T12:13:19-07:00,0,9
style.css,64,css,cbeee1c9,haw129-spec,2026-04-10,12:13:19,-07:00,2026-04-10T12:13:19-07:00,2,12
style.css,65,css,cbeee1c9,haw129-spec,2026-04-10,12:13:19,-07:00,2026-04-10T12:13:19-07:00,2,58
style.css,66,css,cbeee1c9,haw129-spec,2026-04-10,12:13:19,-07:00,2026-04-10T12:13:19-07:00,2,7
style.css,67,css,cbeee1c9,haw129-spec,2026-04-10,12:13:19,-07:00,2026-04-10T12:13:19-07:00,0,0
style.css,68,css,cbeee1c9,haw129-spec,2026-04-10,12:13:19,-07:00,2026-04-10T12:13:19-07:00,0,0
style.css,69,css,cbeee1c9,haw129-spec,2026-04-10,12:13:19,-07:00,2026-04-10T12:13:19-07:00,0,17
style.css,70,css,cbeee1c9,haw129-spec,2026-04-10,12:13:19,-07:00,2026-04-10T12:13:19-07:00,2,12
style.css,71,css,cbeee1c9,haw129-spec,2026-04-10,12:13:19,-07:00,2026-04-10T12:13:19-07:00,2,26
style.css,72,css,cbeee1c9,haw129-spec,2026-04-10,12:13:19,-07:00,2026-04-10T12:13:19-07:00,2,15
style.css,73,css,cbeee1c9,haw129-spec,2026-04-10,12:13:19,-07:00,2026-04-10T12:13:19-07:00,0,0
style.css,74,css,cbeee1c9,haw129-spec,2026-04-10,12:13:19,-07:00,2026-04-10T12:13:19-07:00,0,0
style.css,75,css,cbeee1c9,haw129-spec,2026-04-10,12:13:19,-07:00,2026-04-10T12:13:19-07:00,0,0
style.css,76,css,cbeee1c9,haw129-spec,2026-04-10,12:13:19,-07:00,2026-04-10T12:13:19-07:00,0,12
style.css,77,css,cbeee1c9,haw129-spec,2026-04-10,12:13:19,-07:00,2026-04-10T12:13:19-07:00,2,8
style.css,78,css,cbeee1c9,haw129-spec,2026-04-10,12:13:19,-07:00,2026-04-10T12:13:19-07:00,0,0
style.css,79,css,cbeee1c9,haw129-spec,2026-04-10,12:13:19,-07:00,2026-04-10T12:13:19-07:00,0,0
style.css,80,css,cbeee1c9,haw129-spec,2026-04-10,12:13:19,-07:00,2026-04-10T12:13:19-07:00,0,2
style.css,81,css,cbeee1c9,haw129-spec,2026-04-10,12:13:19,-07:00,2026-04-10T12:13:19-07:00,2,14
style.css,82,css,cbeee1c9,haw129-spec,2026-04-10,12:13:19,-07:00,2026-04-10T12:13:19-07:00,0,0
style.css,83,css,cbeee1c9,haw129-spec,2026-04-10,12:13:19,-07:00,2026-04-10T12:13:19-07:00,0,0
style.css,84,css,cbeee1c9,haw129-spec,2026-04-10,12:13:19,-07:00,2026-04-10T12:13:19-07:00,0,1
style.css,85,css,cbeee1c9,haw129-spec,2026-04-10,12:13:19,-07:00,2026-04-10T12:13:19-07:00,0,1
style.css,86,css,cbeee1c9,haw129-spec,2026-04-10,12:13:19,-07:00,2026-04-10T12:13:19-07:00,0,1
style.css,87,css,cbeee1c9,haw129-spec,2026-04-10,12:13:19,-07:00,2026-04-10T12:13:19-07:00,0,1
style.css,88,css,cbeee1c9,haw129-spec,2026-04-10,12:13:19,-07:00,2026-04-10T12:13:19-07:00,0,1
style.css,89,css,cbeee1c9,haw129-spec,2026-04-10,12:13:19,-07:00,2026-04-10T12:13:19-07:00,0,2
style.css,90,css,cbeee1c9,haw129-spec,2026-04-10,12:13:19,-07:00,2026-04-10T12:13:19-07:00,2,15
style.css,91,css,cbeee1c9,haw129-spec,2026-04-10,12:13:19,-07:00,2026-04-10T12:13:19-07:00,2,17
style.css,92,css,cbeee1c9,haw129-spec,2026-04-10,12:13:19,-07:00,2026-04-10T12:13:19-07:00,0,0
style.css,93,css,cbeee1c9,haw129-spec,2026-04-10,12:13:19,-07:00,2026-04-10T12:13:19-07:00,0,0
style.css,94,css,cbeee1c9,haw129-spec,2026-04-10,12:13:19,-07:00,2026-04-10T12:13:19-07:00,0,0
style.css,95,css,cbeee1c9,haw129-spec,2026-04-10,12:13:19,-07:00,2026-04-10T12:13:19-07:00,0,6
style.css,96,css,cbeee1c9,haw129-spec,2026-04-10,12:13:19,-07:00,2026-04-10T12:13:19-07:00,0,12
style.css,97,css,cbeee1c9,haw129-spec,2026-04-10,12:13:19,-07:00,2026-04-10T12:13:19-07:00,2,12
style.css,98,css,cbeee1c9,haw129-spec,2026-04-10,12:13:19,-07:00,2026-04-10T12:13:19-07:00,2,10
style.css,99,css,cbeee1c9,haw129-spec,2026-04-10,12:13:19,-07:00,2026-04-10T12:13:19-07:00,0,0
style.css,100,css,cbeee1c9,haw129-spec,2026-04-10,12:13:19,-07:00,2026-04-10T12:13:19-07:00,0,0
style.css,101,css,cbeee1c9,haw129-spec,2026-04-10,12:13:19,-07:00,2026-04-10T12:13:19-07:00,0,14
style.css,102,css,cbeee1c9,haw129-spec,2026-04-10,12:13:19,-07:00,2026-04-10T12:13:19-07:00,0,20
style.css,103,css,cbeee1c9,haw129-spec,2026-04-10,12:13:19,-07:00,2026-04-10T12:13:19-07:00,2,69
style.css,104,css,cbeee1c9,haw129-spec,2026-04-10,12:13:19,-07:00,2026-04-10T12:13:19-07:00,2,21
style.css,105,css,cbeee1c9,haw129-spec,2026-04-10,12:13:19,-07:00,2026-04-10T12:13:19-07:00,2,12
style.css,106,css,cbeee1c9,haw129-spec,2026-04-10,12:13:19,-07:00,2026-04-10T12:13:19-07:00,2,62
style.css,107,css,cbeee1c9,haw129-spec,2026-04-10,12:13:19,-07:00,2026-04-10T12:13:19-07:00,0,0
style.css,108,css,cbeee1c9,haw129-spec,2026-04-10,12:13:19,-07:00,2026-04-10T12:13:19-07:00,0,0
style.css,109,css,cbeee1c9,haw129-spec,2026-04-10,12:13:19,-07:00,2026-04-10T12:13:19-07:00,0,9
style.css,110,css,cbeee1c9,haw129-spec,2026-04-10,12:13:19,-07:00,2026-04-10T12:13:19-07:00,0,15
style.css,111,css,cbeee1c9,haw129-spec,2026-04-10,12:13:19,-07:00,2026-04-10T12:13:19-07:00,2,43
style.css,112,css,cbeee1c9,haw129-spec,2026-04-10,12:13:19,-07:00,2026-04-10T12:13:19-07:00,2,21
style.css,113,css,cbeee1c9,haw129-spec,2026-04-10,12:13:19,-07:00,2026-04-10T12:13:19-07:00,2,21
style.css,114,css,cbeee1c9,haw129-spec,2026-04-10,12:13:19,-07:00,2026-04-10T12:13:19-07:00,0,0
style.css,115,css,cbeee1c9,haw129-spec,2026-04-10,12:13:19,-07:00,2026-04-10T12:13:19-07:00,0,0
style.css,116,css,cbeee1c9,haw129-spec,2026-04-10,12:13:19,-07:00,2026-04-10T12:13:19-07:00,0,9
style.css,117,css,cbeee1c9,haw129-spec,2026-04-10,12:13:19,-07:00,2026-04-10T12:13:19-07:00,0,15
style.css,118,css,cbeee1c9,haw129-spec,2026-04-10,12:13:19,-07:00,2026-04-10T12:13:19-07:00,2,20
style.css,119,css,cbeee1c9,haw129-spec,2026-04-10,12:13:19,-07:00,2026-04-10T12:13:19-07:00,0,0
style.css,120,css,cbeee1c9,haw129-spec,2026-04-10,12:13:19,-07:00,2026-04-10T12:13:19-07:00,0,0
style.css,121,css,cbeee1c9,haw129-spec,2026-04-10,12:13:19,-07:00,2026-04-10T12:13:19-07:00,0,9
style.css,122,css,cbeee1c9,haw129-spec,2026-04-10,12:13:19,-07:00,2026-04-10T12:13:19-07:00,0,15
style.css,123,css,cbeee1c9,haw129-spec,2026-04-10,12:13:19,-07:00,2026-04-10T12:13:19-07:00,2,20
style.css,124,css,cbeee1c9,haw129-spec,2026-04-10,12:13:19,-07:00,2026-04-10T12:13:19-07:00,0,0
style.css,125,css,cbeee1c9,haw129-spec,2026-04-10,12:13:19,-07:00,2026-04-10T12:13:19-07:00,0,0
style.css,126,css,cbeee1c9,haw129-spec,2026-04-10,12:13:19,-07:00,2026-04-10T12:13:19-07:00,0,8
style.css,127,css,cbeee1c9,haw129-spec,2026-04-10,12:13:19,-07:00,2026-04-10T12:13:19-07:00,0,14
style.css,128,css,cbeee1c9,haw129-spec,2026-04-10,12:13:19,-07:00,2026-04-10T12:13:19-07:00,2,16
style.css,129,css,cbeee1c9,haw129-spec,2026-04-10,12:13:19,-07:00,2026-04-10T12:13:19-07:00,0,0
style.css,130,css,cbeee1c9,haw129-spec,2026-04-10,12:13:19,-07:00,2026-04-10T12:13:19-07:00,0,0
style.css,131,css,5c4f38c9,haw129-spec,2026-04-17,21:37:09,-07:00,2026-04-17T21:37:09-07:00,0,8
style.css,132,css,5c4f38c9,haw129-spec,2026-04-17,21:37:09,-07:00,2026-04-17T21:37:09-07:00,1,16
style.css,133,css,5c4f38c9,haw129-spec,2026-04-17,21:37:09,-07:00,2026-04-17T21:37:09-07:00,1,9
style.css,134,css,5c4f38c9,haw129-spec,2026-04-17,21:37:09,-07:00,2026-04-17T21:37:09-07:00,0,0
style.css,135,css,5c4f38c9,haw129-spec,2026-04-17,21:37:09,-07:00,2026-04-17T21:37:09-07:00,0,0
style.css,136,css,5c4f38c9,haw129-spec,2026-04-17,21:37:09,-07:00,2026-04-17T21:37:09-07:00,0,3
style.css,137,css,5c4f38c9,haw129-spec,2026-04-17,21:37:09,-07:00,2026-04-17T21:37:09-07:00,2,17
style.css,138,css,5c4f38c9,haw129-spec,2026-04-17,21:37:09,-07:00,2026-04-17T21:37:09-07:00,0,0
style.css,139,css,5c4f38c9,haw129-spec,2026-04-17,21:37:09,-07:00,2026-04-17T21:37:09-07:00,0,0
style.css,140,css,5c4f38c9,haw129-spec,2026-04-17,21:37:09,-07:00,2026-04-17T21:37:09-07:00,0,61
style.css,141,css,5c4f38c9,haw129-spec,2026-04-17,21:37:09,-07:00,2026-04-17T21:37:09-07:00,0,3
style.css,142,css,5c4f38c9,haw129-spec,2026-04-17,21:37:09,-07:00,2026-04-17T21:37:09-07:00,1,39
style.css,143,css,5c4f38c9,haw129-spec,2026-04-17,21:37:09,-07:00,2026-04-17T21:37:09-07:00,0,0
style.css,144,css,5c4f38c9,haw129-spec,2026-04-17,21:37:09,-07:00,2026-04-17T21:37:09-07:00,0,0
style.css,145,css,5c4f38c9,haw129-spec,2026-04-17,21:37:09,-07:00,2026-04-17T21:37:09-07:00,0,43
style.css,146,css,5c4f38c9,haw129-spec,2026-04-17,21:37:09,-07:00,2026-04-17T21:37:09-07:00,0,13
style.css,147,css,5c4f38c9,haw129-spec,2026-04-17,21:37:09,-07:00,2026-04-17T21:37:09-07:00,1,43
style.css,148,css,5c4f38c9,haw129-spec,2026-04-17,21:37:09,-07:00,2026-04-17T21:37:09-07:00,0,0
style.css,149,css,5c4f38c9,haw129-spec,2026-04-17,21:37:09,-07:00,2026-04-17T21:37:09-07:00,0,0
style.css,150,css,5c4f38c9,haw129-spec,2026-04-17,21:37:09,-07:00,2026-04-17T21:37:09-07:00,0,11
style.css,151,css,5c4f38c9,haw129-spec,2026-04-17,21:37:09,-07:00,2026-04-17T21:37:09-07:00,1,43
style.css,152,css,5c4f38c9,haw129-spec,2026-04-17,21:37:09,-07:00,2026-04-17T21:37:09-07:00,1,69
style.css,153,css,5c4f38c9,haw129-spec,2026-04-17,21:37:09,-07:00,2026-04-17T21:37:09-07:00,0,0
style.css,154,css,5c4f38c9,haw129-spec,2026-04-17,21:37:09,-07:00,2026-04-17T21:37:09-07:00,0,0
style.css,155,css,5c4f38c9,haw129-spec,2026-04-17,21:37:09,-07:00,2026-04-17T21:37:09-07:00,0,0
style.css,156,css,5c4f38c9,haw129-spec,2026-04-17,21:37:09,-07:00,2026-04-17T21:37:09-07:00,0,13
style.css,157,css,5c4f38c9,haw129-spec,2026-04-17,21:37:09,-07:00,2026-04-17T21:37:09-07:00,1,17
style.css,158,css,5c4f38c9,haw129-spec,2026-04-17,21:37:09,-07:00,2026-04-17T21:37:09-07:00,1,8
style.css,159,css,5c4f38c9,haw129-spec,2026-04-17,21:37:09,-07:00,2026-04-17T21:37:09-07:00,1,10
style.css,160,css,5c4f38c9,haw129-spec,2026-04-17,21:37:09,-07:00,2026-04-17T21:37:09-07:00,1,13
style.css,161,css,a5d541b1,haw129-spec,2026-04-24,14:49:56,-07:00,2026-04-24T14:49:56-07:00,0,0
style.css,162,css,a5d541b1,haw129-spec,2026-04-24,14:49:56,-07:00,2026-04-24T14:49:56-07:00,0,0
style.css,163,css,a5d541b1,haw129-spec,2026-04-24,14:49:56,-07:00,2026-04-24T14:49:56-07:00,0,0
style.css,164,css,a5d541b1,haw129-spec,2026-04-24,14:49:56,-07:00,2026-04-24T14:49:56-07:00,0,17
style.css,165,css,a5d541b1,haw129-spec,2026-04-24,14:49:56,-07:00,2026-04-24T14:49:56-07:00,1,12
style.css,166,css,a5d541b1,haw129-spec,2026-04-24,14:49:56,-07:00,2026-04-24T14:49:56-07:00,1,36
style.css,167,css,a5d541b1,haw129-spec,2026-04-24,14:49:56,-07:00,2026-04-24T14:49:56-07:00,1,17
style.css,168,css,a5d541b1,haw129-spec,2026-04-24,14:49:56,-07:00,2026-04-24T14:49:56-07:00,1,15
style.css,169,css,a5d541b1,haw129-spec,2026-04-24,14:49:56,-07:00,2026-04-24T14:49:56-07:00,0,0
style.css,170,css,a5d541b1,haw129-spec,2026-04-24,14:49:56,-07:00,2026-04-24T14:49:56-07:00,0,0
style.css,171,css,a5d541b1,haw129-spec,2026-04-24,14:49:56,-07:00,2026-04-24T14:49:56-07:00,0,17
style.css,172,css,a5d541b1,haw129-spec,2026-04-24,14:49:56,-07:00,2026-04-24T14:49:56-07:00,1,10
style.css,173,css,a5d541b1,haw129-spec,2026-04-24,14:49:56,-07:00,2026-04-24T14:49:56-07:00,1,16
style.css,174,css,a5d541b1,haw129-spec,2026-04-24,14:49:56,-07:00,2026-04-24T14:49:56-07:00,0,0
style.css,175,css,a5d541b1,haw129-spec,2026-04-24,14:49:56,-07:00,2026-04-24T14:49:56-07:00,0,0
style.css,176,css,a5d541b1,haw129-spec,2026-04-24,14:49:56,-07:00,2026-04-24T14:49:56-07:00,0,17
style.css,177,css,a5d541b1,haw129-spec,2026-04-24,14:49:56,-07:00,2026-04-24T14:49:56-07:00,1,10
style.css,178,css,a5d541b1,haw129-spec,2026-04-24,14:49:56,-07:00,2026-04-24T14:49:56-07:00,1,8
style.css,179,css,772fe329,haw129-spec,2026-05-01,15:09:03,-07:00,2026-05-01T15:09:03-07:00,0,0
style.css,180,css,772fe329,haw129-spec,2026-05-01,15:09:03,-07:00,2026-05-01T15:09:03-07:00,0,0
style.css,181,css,772fe329,haw129-spec,2026-05-01,15:09:03,-07:00,2026-05-01T15:09:03-07:00,0,13
style.css,182,css,772fe329,haw129-spec,2026-05-01,15:09:03,-07:00,2026-05-01T15:09:03-07:00,1,10
style.css,183,css,772fe329,haw129-spec,2026-05-01,15:09:03,-07:00,2026-05-01T15:09:03-07:00,1,17
style.css,184,css,772fe329,haw129-spec,2026-05-01,15:09:03,-07:00,2026-05-01T15:09:03-07:00,1,15
style.css,185,css,772fe329,haw129-spec,2026-05-01,15:09:03,-07:00,2026-05-01T15:09:03-07:00,1,16
style.css,186,css,772fe329,haw129-spec,2026-05-01,15:09:03,-07:00,2026-05-01T15:09:03-07:00,0,0
style.css,187,css,772fe329,haw129-spec,2026-05-01,15:09:03,-07:00,2026-05-01T15:09:03-07:00,0,0
style.css,188,css,772fe329,haw129-spec,2026-05-01,15:09:03,-07:00,2026-05-01T15:09:03-07:00,0,0
style.css,189,css,772fe329,haw129-spec,2026-05-01,15:09:03,-07:00,2026-05-01T15:09:03-07:00,0,13
style.css,190,css,772fe329,haw129-spec,2026-05-01,15:09:03,-07:00,2026-05-01T15:09:03-07:00,1,14
style.css,191,css,772fe329,haw129-spec,2026-05-01,15:09:03,-07:00,2026-05-01T15:09:03-07:00,1,16
style.css,192,css,772fe329,haw129-spec,2026-05-01,15:09:03,-07:00,2026-05-01T15:09:03-07:00,1,16
style.css,193,css,772fe329,haw129-spec,2026-05-01,15:09:03,-07:00,2026-05-01T15:09:03-07:00,0,0
style.css,194,css,772fe329,haw129-spec,2026-05-01,15:09:03,-07:00,2026-05-01T15:09:03-07:00,1,17
style.css,195,css,772fe329,haw129-spec,2026-05-01,15:09:03,-07:00,2026-05-01T15:09:03-07:00,2,16
style.css,196,css,772fe329,haw129-spec,2026-05-01,15:09:03,-07:00,2026-05-01T15:09:03-07:00,3,11
style.css,197,css,772fe329,haw129-spec,2026-05-01,15:09:03,-07:00,2026-05-01T15:09:03-07:00,2,0
style.css,198,css,772fe329,haw129-spec,2026-05-01,15:09:03,-07:00,2026-05-01T15:09:03-07:00,1,0
style.css,199,css,772fe329,haw129-spec,2026-05-01,15:09:03,-07:00,2026-05-01T15:09:03-07:00,0,0
style.css,200,css,772fe329,haw129-spec,2026-05-01,15:09:03,-07:00,2026-05-01T15:09:03-07:00,1,4
style.css,201,css,772fe329,haw129-spec,2026-05-01,15:09:03,-07:00,2026-05-01T15:09:03-07:00,2,16
style.css,202,css,772fe329,haw129-spec,2026-05-01,15:09:03,-07:00,2026-05-01T15:09:03-07:00,2,14
style.css,203,css,772fe329,haw129-spec,2026-05-01,15:09:03,-07:00,2026-05-01T15:09:03-07:00,1,0
style.css,204,css,772fe329,haw129-spec,2026-05-01,15:09:03,-07:00,2026-05-01T15:09:03-07:00,0,0
style.css,205,css,772fe329,haw129-spec,2026-05-01,15:09:03,-07:00,2026-05-01T15:09:03-07:00,0,0
style.css,206,css,772fe329,haw129-spec,2026-05-01,15:09:03,-07:00,2026-05-01T15:09:03-07:00,0,7
style.css,207,css,772fe329,haw129-spec,2026-05-01,15:09:03,-07:00,2026-05-01T15:09:03-07:00,1,12
style.css,208,css,772fe329,haw129-spec,2026-05-01,15:09:03,-07:00,2026-05-01T15:09:03-07:00,1,57
style.css,209,css,772fe329,haw129-spec,2026-05-01,15:09:03,-07:00,2026-05-01T15:09:03-07:00,1,7
style.css,210,css,772fe329,haw129-spec,2026-05-01,15:09:03,-07:00,2026-05-01T15:09:03-07:00,1,11
style.css,211,css,772fe329,haw129-spec,2026-05-01,15:09:03,-07:00,2026-05-01T15:09:03-07:00,1,12
style.css,212,css,772fe329,haw129-spec,2026-05-01,15:09:03,-07:00,2026-05-01T15:09:03-07:00,1,15
style.css,213,css,772fe329,haw129-spec,2026-05-01,15:09:03,-07:00,2026-05-01T15:09:03-07:00,1,69
style.css,214,css,772fe329,haw129-spec,2026-05-01,15:09:03,-07:00,2026-05-01T15:09:03-07:00,1,19
style.css,215,css,772fe329,haw129-spec,2026-05-01,15:09:03,-07:00,2026-05-01T15:09:03-07:00,0,0
style.css,216,css,772fe329,haw129-spec,2026-05-01,15:09:03,-07:00,2026-05-01T15:09:03-07:00,0,0
style.css,217,css,772fe329,haw129-spec,2026-05-01,15:09:03,-07:00,2026-05-01T15:09:03-07:00,0,12
style.css,218,css,772fe329,haw129-spec,2026-05-01,15:09:03,-07:00,2026-05-01T15:09:03-07:00,1,12
style.css,219,css,772fe329,haw129-spec,2026-05-01,15:09:03,-07:00,2026-05-01T15:09:03-07:00,1,18
style.css,220,css,772fe329,haw129-spec,2026-05-01,15:09:03,-07:00,2026-05-01T15:09:03-07:00,1,9
style.css,221,css,772fe329,haw129-spec,2026-05-01,15:09:03,-07:00,2026-05-01T15:09:03-07:00,0,0
style.css,222,css,772fe329,haw129-spec,2026-05-01,15:09:03,-07:00,2026-05-01T15:09:03-07:00,0,0
style.css,223,css,772fe329,haw129-spec,2026-05-01,15:09:03,-07:00,2026-05-01T15:09:03-07:00,0,7
style.css,224,css,772fe329,haw129-spec,2026-05-01,15:09:03,-07:00,2026-05-01T15:09:03-07:00,1,20
style.css,225,css,772fe329,haw129-spec,2026-05-01,15:09:03,-07:00,2026-05-01T15:09:03-07:00,1,9
style.css,226,css,772fe329,haw129-spec,2026-05-01,15:09:03,-07:00,2026-05-01T15:09:03-07:00,1,18
style.css,227,css,772fe329,haw129-spec,2026-05-01,15:09:03,-07:00,2026-05-01T15:09:03-07:00,1,29
style.css,228,css,772fe329,haw129-spec,2026-05-01,15:09:03,-07:00,2026-05-01T15:09:03-07:00,1,19
style.css,229,css,772fe329,haw129-spec,2026-05-01,15:09:03,-07:00,2026-05-01T15:09:03-07:00,0,0
style.css,230,css,772fe329,haw129-spec,2026-05-01,15:09:03,-07:00,2026-05-01T15:09:03-07:00,0,0
style.css,231,css,772fe329,haw129-spec,2026-05-01,15:09:03,-07:00,2026-05-01T15:09:03-07:00,0,10
style.css,232,css,772fe329,haw129-spec,2026-05-01,15:09:03,-07:00,2026-05-01T15:09:03-07:00,1,12
style.css,233,css,772fe329,haw129-spec,2026-05-01,15:09:03,-07:00,2026-05-01T15:09:03-07:00,1,18
style.css,234,css,772fe329,haw129-spec,2026-05-01,15:09:03,-07:00,2026-05-01T15:09:03-07:00,1,7
style.css,235,css,772fe329,haw129-spec,2026-05-01,15:09:03,-07:00,2026-05-01T15:09:03-07:00,0,0
style.css,236,css,772fe329,haw129-spec,2026-05-01,15:09:03,-07:00,2026-05-01T15:09:03-07:00,0,0
style.css,237,css,772fe329,haw129-spec,2026-05-01,15:09:03,-07:00,2026-05-01T15:09:03-07:00,0,7
style.css,238,css,772fe329,haw129-spec,2026-05-01,15:09:03,-07:00,2026-05-01T15:09:03-07:00,1,6
style.css,239,css,772fe329,haw129-spec,2026-05-01,15:09:03,-07:00,2026-05-01T15:09:03-07:00,0,0
style.css,240,css,772fe329,haw129-spec,2026-05-01,15:09:03,-07:00,2026-05-01T15:09:03-07:00,0,0
style.css,241,css,772fe329,haw129-spec,2026-05-01,15:09:03,-07:00,2026-05-01T15:09:03-07:00,0,9
style.css,242,css,772fe329,haw129-spec,2026-05-01,15:09:03,-07:00,2026-05-01T15:09:03-07:00,1,35
style.css,243,css,772fe329,haw129-spec,2026-05-01,15:09:03,-07:00,2026-05-01T15:09:03-07:00,0,0
style.css,244,css,772fe329,haw129-spec,2026-05-01,15:09:03,-07:00,2026-05-01T15:09:03-07:00,1,10
style.css,245,css,772fe329,haw129-spec,2026-05-01,15:09:03,-07:00,2026-05-01T15:09:03-07:00,2,17
style.css,246,css,772fe329,haw129-spec,2026-05-01,15:09:03,-07:00,2026-05-01T15:09:03-07:00,1,0
style.css,247,css,5c4f38c9,haw129-spec,2026-04-17,21:37:09,-07:00,2026-04-17T21:37:09-07:00,0,0
index.js,1,js,a5d541b1,haw129-spec,2026-04-24,14:49:56,-07:00,2026-04-24T14:49:56-07:00,0,71
index.js,2,js,a5d541b1,haw129-spec,2026-04-24,14:49:56,-07:00,2026-04-24T14:49:56-07:00,0,0
index.js,3,js,a5d541b1,haw129-spec,2026-04-24,14:49:56,-07:00,2026-04-24T14:49:56-07:00,0,54
index.js,4,js,a5d541b1,haw129-spec,2026-04-24,14:49:56,-07:00,2026-04-24T14:49:56-07:00,0,42
index.js,5,js,a5d541b1,haw129-spec,2026-04-24,14:49:56,-07:00,2026-04-24T14:49:56-07:00,0,0
index.js,6,js,a5d541b1,haw129-spec,2026-04-24,14:49:56,-07:00,2026-04-24T14:49:56-07:00,0,60
index.js,7,js,a5d541b1,haw129-spec,2026-04-24,14:49:56,-07:00,2026-04-24T14:49:56-07:00,0,0
index.js,8,js,a5d541b1,haw129-spec,2026-04-24,14:49:56,-07:00,2026-04-24T14:49:56-07:00,0,54
index.js,9,js,a5d541b1,haw129-spec,2026-04-24,14:49:56,-07:00,2026-04-24T14:49:56-07:00,0,0
index.js,10,js,a5d541b1,haw129-spec,2026-04-24,14:49:56,-07:00,2026-04-24T14:49:56-07:00,0,58
index.js,11,js,a5d541b1,haw129-spec,2026-04-24,14:49:56,-07:00,2026-04-24T14:49:56-07:00,0,0
index.js,12,js,a5d541b1,haw129-spec,2026-04-24,14:49:56,-07:00,2026-04-24T14:49:56-07:00,0,60
index.js,13,js,a5d541b1,haw129-spec,2026-04-24,14:49:56,-07:00,2026-04-24T14:49:56-07:00,0,0
index.js,14,js,a5d541b1,haw129-spec,2026-04-24,14:49:56,-07:00,2026-04-24T14:49:56-07:00,0,17
index.js,15,js,a5d541b1,haw129-spec,2026-04-24,14:49:56,-07:00,2026-04-24T14:49:56-07:00,1,24
index.js,16,js,a5d541b1,haw129-spec,2026-04-24,14:49:56,-07:00,2026-04-24T14:49:56-07:00,4,2
index.js,17,js,a5d541b1,haw129-spec,2026-04-24,14:49:56,-07:00,2026-04-24T14:49:56-07:00,5,55
index.js,18,js,a5d541b1,haw129-spec,2026-04-24,14:49:56,-07:00,2026-04-24T14:49:56-07:00,5,55
index.js,19,js,a5d541b1,haw129-spec,2026-04-24,14:49:56,-07:00,2026-04-24T14:49:56-07:00,5,49
index.js,20,js,a5d541b1,haw129-spec,2026-04-24,14:49:56,-07:00,2026-04-24T14:49:56-07:00,5,49
index.js,21,js,a5d541b1,haw129-spec,2026-04-24,14:49:56,-07:00,2026-04-24T14:49:56-07:00,4,3
index.js,22,js,a5d541b1,haw129-spec,2026-04-24,14:49:56,-07:00,2026-04-24T14:49:56-07:00,2,0
index.js,23,js,a5d541b1,haw129-spec,2026-04-24,14:49:56,-07:00,2026-04-24T14:49:56-07:00,0,0
index.html,1,html,cbeee1c9,haw129-spec,2026-04-10,12:13:19,-07:00,2026-04-10T12:13:19-07:00,0,13
index.html,2,html,cbeee1c9,haw129-spec,2026-04-10,12:13:19,-07:00,2026-04-10T12:13:19-07:00,0,14
index.html,3,html,cbeee1c9,haw129-spec,2026-04-10,12:13:19,-07:00,2026-04-10T12:13:19-07:00,0,4
index.html,4,html,cbeee1c9,haw129-spec,2026-04-10,12:13:19,-07:00,2026-04-10T12:13:19-07:00,2,20
index.html,5,html,cbeee1c9,haw129-spec,2026-04-10,12:13:19,-07:00,2026-04-10T12:13:19-07:00,2,68
index.html,6,html,cbeee1c9,haw129-spec,2026-04-10,12:13:19,-07:00,2026-04-10T12:13:19-07:00,2,53
index.html,7,html,cbeee1c9,haw129-spec,2026-04-10,12:13:19,-07:00,2026-04-10T12:13:19-07:00,2,38
index.html,8,html,a5d541b1,haw129-spec,2026-04-24,14:49:56,-07:00,2026-04-24T14:49:56-07:00,2,45
index.html,9,html,a5d541b1,haw129-spec,2026-04-24,14:49:56,-07:00,2026-04-24T14:49:56-07:00,2,44
index.html,10,html,a5d541b1,haw129-spec,2026-04-24,14:49:56,-07:00,2026-04-24T14:49:56-07:00,2,0
index.html,11,html,cbeee1c9,haw129-spec,2026-04-10,12:13:19,-07:00,2026-04-10T12:13:19-07:00,0,5
index.html,12,html,cbeee1c9,haw129-spec,2026-04-10,12:13:19,-07:00,2026-04-10T12:13:19-07:00,0,4
index.html,13,html,cbeee1c9,haw129-spec,2026-04-10,12:13:19,-07:00,2026-04-10T12:13:19-07:00,2,18
index.html,14,html,cbeee1c9,haw129-spec,2026-04-10,12:13:19,-07:00,2026-04-10T12:13:19-07:00,2,105
index.html,15,html,a5d541b1,haw129-spec,2026-04-24,14:49:56,-07:00,2026-04-24T14:49:56-07:00,2,22
index.html,16,html,a5d541b1,haw129-spec,2026-04-24,14:49:56,-07:00,2026-04-24T14:49:56-07:00,0,0
index.html,17,html,cbeee1c9,haw129-spec,2026-04-10,12:13:19,-07:00,2026-04-10T12:13:19-07:00,2,93
index.html,18,html,a5d541b1,haw129-spec,2026-04-24,14:49:56,-07:00,2026-04-24T14:49:56-07:00,2,20
index.html,19,html,a5d541b1,haw129-spec,2026-04-24,14:49:56,-07:00,2026-04-24T14:49:56-07:00,2,49
index.html,20,html,a5d541b1,haw129-spec,2026-04-24,14:49:56,-07:00,2026-04-24T14:49:56-07:00,2,4
index.html,21,html,a5d541b1,haw129-spec,2026-04-24,14:49:56,-07:00,2026-04-24T14:49:56-07:00,2,22
index.html,22,html,a5d541b1,haw129-spec,2026-04-24,14:49:56,-07:00,2026-04-24T14:49:56-07:00,4,19
index.html,23,html,a5d541b1,haw129-spec,2026-04-24,14:49:56,-07:00,2026-04-24T14:49:56-07:00,2,4
index.html,24,html,cbeee1c9,haw129-spec,2026-04-10,12:13:19,-07:00,2026-04-10T12:13:19-07:00,0,0
index.html,25,html,cbeee1c9,haw129-spec,2026-04-10,12:13:19,-07:00,2026-04-10T12:13:19-07:00,0,5
index.html,26,html,cbeee1c9,haw129-spec,2026-04-10,12:13:19,-07:00,2026-04-10T12:13:19-07:00,0,5
global.js,1,js,a5d541b1,haw129-spec,2026-04-24,14:49:56,-07:00,2026-04-24T14:49:56-07:00,0,36
global.js,2,js,a5d541b1,haw129-spec,2026-04-24,14:49:56,-07:00,2026-04-24T14:49:56-07:00,1,3
global.js,3,js,a5d541b1,haw129-spec,2026-04-24,14:49:56,-07:00,2026-04-24T14:49:56-07:00,2,39
global.js,4,js,a5d541b1,haw129-spec,2026-04-24,14:49:56,-07:00,2026-04-24T14:49:56-07:00,2,32
global.js,5,js,a5d541b1,haw129-spec,2026-04-24,14:49:56,-07:00,2026-04-24T14:49:56-07:00,2,20
global.js,6,js,a5d541b1,haw129-spec,2026-04-24,14:49:56,-07:00,2026-04-24T14:49:56-07:00,0,0
global.js,7,js,a5d541b1,haw129-spec,2026-04-24,14:49:56,-07:00,2026-04-24T14:49:56-07:00,2,36
global.js,8,js,a5d541b1,haw129-spec,2026-04-24,14:49:56,-07:00,2026-04-24T14:49:56-07:00,2,17
global.js,9,js,a5d541b1,haw129-spec,2026-04-24,14:49:56,-07:00,2026-04-24T14:49:56-07:00,3,66
global.js,10,js,a5d541b1,haw129-spec,2026-04-24,14:49:56,-07:00,2026-04-24T14:49:56-07:00,2,0
global.js,11,js,a5d541b1,haw129-spec,2026-04-24,14:49:56,-07:00,2026-04-24T14:49:56-07:00,0,0
global.js,12,js,a5d541b1,haw129-spec,2026-04-24,14:49:56,-07:00,2026-04-24T14:49:56-07:00,2,27
global.js,13,js,a5d541b1,haw129-spec,2026-04-24,14:49:56,-07:00,2026-04-24T14:49:56-07:00,2,33
global.js,14,js,a5d541b1,haw129-spec,2026-04-24,14:49:56,-07:00,2026-04-24T14:49:56-07:00,0,0
global.js,15,js,a5d541b1,haw129-spec,2026-04-24,14:49:56,-07:00,2026-04-24T14:49:56-07:00,2,10
global.js,16,js,a5d541b1,haw129-spec,2026-04-24,14:49:56,-07:00,2026-04-24T14:49:56-07:00,1,15
global.js,17,js,a5d541b1,haw129-spec,2026-04-24,14:49:56,-07:00,2026-04-24T14:49:56-07:00,2,59
global.js,18,js,a5d541b1,haw129-spec,2026-04-24,14:49:56,-07:00,2026-04-24T14:49:56-07:00,1,0
global.js,19,js,a5d541b1,haw129-spec,2026-04-24,14:49:56,-07:00,2026-04-24T14:49:56-07:00,0,0
global.js,20,js,a5d541b1,haw129-spec,2026-04-24,14:49:56,-07:00,2026-04-24T14:49:56-07:00,0,0
global.js,21,js,a5d541b1,haw129-spec,2026-04-24,14:49:56,-07:00,2026-04-24T14:49:56-07:00,0,0
global.js,22,js,5c4f38c9,haw129-spec,2026-04-17,21:37:09,-07:00,2026-04-17T21:37:09-07:00,0,51
global.js,23,js,5c4f38c9,haw129-spec,2026-04-17,21:37:09,-07:00,2026-04-17T21:37:09-07:00,1,25
global.js,24,js,5c4f38c9,haw129-spec,2026-04-17,21:37:09,-07:00,2026-04-17T21:37:09-07:00,0,0
global.js,25,js,5c4f38c9,haw129-spec,2026-04-17,21:37:09,-07:00,2026-04-17T21:37:09-07:00,1,31
global.js,26,js,5c4f38c9,haw129-spec,2026-04-17,21:37:09,-07:00,2026-04-17T21:37:09-07:00,0,0
global.js,27,js,5c4f38c9,haw129-spec,2026-04-17,21:37:09,-07:00,2026-04-17T21:37:09-07:00,2,11
global.js,28,js,5c4f38c9,haw129-spec,2026-04-17,21:37:09,-07:00,2026-04-17T21:37:09-07:00,0,0
global.js,29,js,5c4f38c9,haw129-spec,2026-04-17,21:37:09,-07:00,2026-04-17T21:37:09-07:00,2,0
global.js,30,js,5c4f38c9,haw129-spec,2026-04-17,21:37:09,-07:00,2026-04-17T21:37:09-07:00,0,0
global.js,31,js,5c4f38c9,haw129-spec,2026-04-17,21:37:09,-07:00,2026-04-17T21:37:09-07:00,2,26
global.js,32,js,5c4f38c9,haw129-spec,2026-04-17,21:37:09,-07:00,2026-04-17T21:37:09-07:00,0,0
global.js,33,js,5c4f38c9,haw129-spec,2026-04-17,21:37:09,-07:00,2026-04-17T21:37:09-07:00,3,4
global.js,34,js,5c4f38c9,haw129-spec,2026-04-17,21:37:09,-07:00,2026-04-17T21:37:09-07:00,0,0
global.js,35,js,5c4f38c9,haw129-spec,2026-04-17,21:37:09,-07:00,2026-04-17T21:37:09-07:00,3,6
global.js,36,js,5c4f38c9,haw129-spec,2026-04-17,21:37:09,-07:00,2026-04-17T21:37:09-07:00,0,0
global.js,37,js,5c4f38c9,haw129-spec,2026-04-17,21:37:09,-07:00,2026-04-17T21:37:09-07:00,4,43
global.js,38,js,5c4f38c9,haw129-spec,2026-04-17,21:37:09,-07:00,2026-04-17T21:37:09-07:00,0,0
global.js,39,js,5c4f38c9,haw129-spec,2026-04-17,21:37:09,-07:00,2026-04-17T21:37:09-07:00,4,34
global.js,40,js,5c4f38c9,haw129-spec,2026-04-17,21:37:09,-07:00,2026-04-17T21:37:09-07:00,0,0
global.js,41,js,5c4f38c9,haw129-spec,2026-04-17,21:37:09,-07:00,2026-04-17T21:37:09-07:00,4,32
global.js,42,js,5c4f38c9,haw129-spec,2026-04-17,21:37:09,-07:00,2026-04-17T21:37:09-07:00,0,0
global.js,43,js,5c4f38c9,haw129-spec,2026-04-17,21:37:09,-07:00,2026-04-17T21:37:09-07:00,3,7
global.js,44,js,5c4f38c9,haw129-spec,2026-04-17,21:37:09,-07:00,2026-04-17T21:37:09-07:00,0,0
global.js,45,js,5c4f38c9,haw129-spec,2026-04-17,21:37:09,-07:00,2026-04-17T21:37:09-07:00,2,7
global.js,46,js,5c4f38c9,haw129-spec,2026-04-17,21:37:09,-07:00,2026-04-17T21:37:09-07:00,0,0
global.js,47,js,5c4f38c9,haw129-spec,2026-04-17,21:37:09,-07:00,2026-04-17T21:37:09-07:00,1,0
global.js,48,js,5c4f38c9,haw129-spec,2026-04-17,21:37:09,-07:00,2026-04-17T21:37:09-07:00,0,0
global.js,49,js,5c4f38c9,haw129-spec,2026-04-17,21:37:09,-07:00,2026-04-17T21:37:09-07:00,1,58
global.js,50,js,5c4f38c9,haw129-spec,2026-04-17,21:37:09,-07:00,2026-04-17T21:37:09-07:00,0,0
global.js,51,js,5c4f38c9,haw129-spec,2026-04-17,21:37:09,-07:00,2026-04-17T21:37:09-07:00,1,34
global.js,52,js,5c4f38c9,haw129-spec,2026-04-17,21:37:09,-07:00,2026-04-17T21:37:09-07:00,2,83
global.js,53,js,5c4f38c9,haw129-spec,2026-04-17,21:37:09,-07:00,2026-04-17T21:37:09-07:00,2,38
global.js,54,js,5c4f38c9,haw129-spec,2026-04-17,21:37:09,-07:00,2026-04-17T21:37:09-07:00,1,0
global.js,55,js,5c4f38c9,haw129-spec,2026-04-17,21:37:09,-07:00,2026-04-17T21:37:09-07:00,0,0
global.js,56,js,5c4f38c9,haw129-spec,2026-04-17,21:37:09,-07:00,2026-04-17T21:37:09-07:00,1,49
global.js,57,js,5c4f38c9,haw129-spec,2026-04-17,21:37:09,-07:00,2026-04-17T21:37:09-07:00,2,57
global.js,58,js,5c4f38c9,haw129-spec,2026-04-17,21:37:09,-07:00,2026-04-17T21:37:09-07:00,2,77
global.js,59,js,5c4f38c9,haw129-spec,2026-04-17,21:37:09,-07:00,2026-04-17T21:37:09-07:00,2,44
global.js,60,js,5c4f38c9,haw129-spec,2026-04-17,21:37:09,-07:00,2026-04-17T21:37:09-07:00,1,1
global.js,61,js,5c4f38c9,haw129-spec,2026-04-17,21:37:09,-07:00,2026-04-17T21:37:09-07:00,0,0
global.js,62,js,5c4f38c9,haw129-spec,2026-04-17,21:37:09,-07:00,2026-04-17T21:37:09-07:00,0,0
global.js,63,js,5c4f38c9,haw129-spec,2026-04-17,21:37:09,-07:00,2026-04-17T21:37:09-07:00,0,0
global.js,64,js,5c4f38c9,haw129-spec,2026-04-17,21:37:09,-07:00,2026-04-17T21:37:09-07:00,0,0
global.js,65,js,5c4f38c9,haw129-spec,2026-04-17,21:37:09,-07:00,2026-04-17T21:37:09-07:00,1,19
global.js,66,js,5c4f38c9,haw129-spec,2026-04-17,21:37:09,-07:00,2026-04-17T21:37:09-07:00,1,13
global.js,67,js,5c4f38c9,haw129-spec,2026-04-17,21:37:09,-07:00,2026-04-17T21:37:09-07:00,2,25
global.js,68,js,5c4f38c9,haw129-spec,2026-04-17,21:37:09,-07:00,2026-04-17T21:37:09-07:00,2,38
global.js,69,js,00000000,Not Committed Yet,2026-05-09,16:11:15,-07:00,2026-05-09T16:11:15-07:00,2,30
global.js,70,js,5c4f38c9,haw129-spec,2026-04-17,21:37:09,-07:00,2026-04-17T21:37:09-07:00,2,37
global.js,71,js,5c4f38c9,haw129-spec,2026-04-17,21:37:09,-07:00,2026-04-17T21:37:09-07:00,2,34
global.js,72,js,5c4f38c9,haw129-spec,2026-04-17,21:37:09,-07:00,2026-04-17T21:37:09-07:00,2,66
global.js,73,js,5c4f38c9,haw129-spec,2026-04-17,21:37:09,-07:00,2026-04-17T21:37:09-07:00,1,0
global.js,74,js,5c4f38c9,haw129-spec,2026-04-17,21:37:09,-07:00,2026-04-17T21:37:09-07:00,1,88
global.js,75,js,a5d541b1,haw129-spec,2026-04-24,14:49:56,-07:00,2026-04-24T14:49:56-07:00,2,3
global.js,76,js,5c4f38c9,haw129-spec,2026-04-17,21:37:09,-07:00,2026-04-17T21:37:09-07:00,2,14
global.js,77,js,5c4f38c9,haw129-spec,2026-04-17,21:37:09,-07:00,2026-04-17T21:37:09-07:00,0,0
global.js,78,js,5c4f38c9,haw129-spec,2026-04-17,21:37:09,-07:00,2026-04-17T21:37:09-07:00,1,38
global.js,79,js,5c4f38c9,haw129-spec,2026-04-17,21:37:09,-07:00,2026-04-17T21:37:09-07:00,1,25
global.js,80,js,5c4f38c9,haw129-spec,2026-04-17,21:37:09,-07:00,2026-04-17T21:37:09-07:00,1,20
global.js,81,js,5c4f38c9,haw129-spec,2026-04-17,21:37:09,-07:00,2026-04-17T21:37:09-07:00,2,14
global.js,82,js,5c4f38c9,haw129-spec,2026-04-17,21:37:09,-07:00,2026-04-17T21:37:09-07:00,2,18
global.js,83,js,5c4f38c9,haw129-spec,2026-04-17,21:37:09,-07:00,2026-04-17T21:37:09-07:00,0,0
global.js,84,js,5c4f38c9,haw129-spec,2026-04-17,21:37:09,-07:00,2026-04-17T21:37:09-07:00,2,28
global.js,85,js,5c4f38c9,haw129-spec,2026-04-17,21:37:09,-07:00,2026-04-17T21:37:09-07:00,3,20
global.js,86,js,5c4f38c9,haw129-spec,2026-04-17,21:37:09,-07:00,2026-04-17T21:37:09-07:00,2,0
global.js,87,js,5c4f38c9,haw129-spec,2026-04-17,21:37:09,-07:00,2026-04-17T21:37:09-07:00,0,0
global.js,88,js,5c4f38c9,haw129-spec,2026-04-17,21:37:09,-07:00,2026-04-17T21:37:09-07:00,2,34
global.js,89,js,5c4f38c9,haw129-spec,2026-04-17,21:37:09,-07:00,2026-04-17T21:37:09-07:00,2,11
global.js,90,js,5c4f38c9,haw129-spec,2026-04-17,21:37:09,-07:00,2026-04-17T21:37:09-07:00,2,20
global.js,91,js,5c4f38c9,haw129-spec,2026-04-17,21:37:09,-07:00,2026-04-17T21:37:09-07:00,2,12
global.js,92,js,5c4f38c9,haw129-spec,2026-04-17,21:37:09,-07:00,2026-04-17T21:37:09-07:00,0,0
global.js,93,js,5c4f38c9,haw129-spec,2026-04-17,21:37:09,-07:00,2026-04-17T21:37:09-07:00,2,17
global.js,94,js,5c4f38c9,haw129-spec,2026-04-17,21:37:09,-07:00,2026-04-17T21:37:09-07:00,3,8
global.js,95,js,5c4f38c9,haw129-spec,2026-04-17,21:37:09,-07:00,2026-04-17T21:37:09-07:00,3,59
global.js,96,js,5c4f38c9,haw129-spec,2026-04-17,21:37:09,-07:00,2026-04-17T21:37:09-07:00,2,0
global.js,97,js,5c4f38c9,haw129-spec,2026-04-17,21:37:09,-07:00,2026-04-17T21:37:09-07:00,0,0
global.js,98,js,5c4f38c9,haw129-spec,2026-04-17,21:37:09,-07:00,2026-04-17T21:37:09-07:00,2,29
global.js,99,js,5c4f38c9,haw129-spec,2026-04-17,21:37:09,-07:00,2026-04-17T21:37:09-07:00,3,18
global.js,100,js,5c4f38c9,haw129-spec,2026-04-17,21:37:09,-07:00,2026-04-17T21:37:09-07:00,2,0
global.js,101,js,5c4f38c9,haw129-spec,2026-04-17,21:37:09,-07:00,2026-04-17T21:37:09-07:00,0,0
global.js,102,js,5c4f38c9,haw129-spec,2026-04-17,21:37:09,-07:00,2026-04-17T21:37:09-07:00,0,0
global.js,103,js,5c4f38c9,haw129-spec,2026-04-17,21:37:09,-07:00,2026-04-17T21:37:09-07:00,1,0
global.js,104,js,5c4f38c9,haw129-spec,2026-04-17,21:37:09,-07:00,2026-04-17T21:37:09-07:00,0,0
global.js,105,js,5c4f38c9,haw129-spec,2026-04-17,21:37:09,-07:00,2026-04-17T21:37:09-07:00,1,0
global.js,106,js,a5d541b1,haw129-spec,2026-04-24,14:49:56,-07:00,2026-04-24T14:49:56-07:00,0,1
global.js,107,js,a5d541b1,haw129-spec,2026-04-24,14:49:56,-07:00,2026-04-24T14:49:56-07:00,0,0
global.js,108,js,a5d541b1,haw129-spec,2026-04-24,14:49:56,-07:00,2026-04-24T14:49:56-07:00,0,0
global.js,109,js,a5d541b1,haw129-spec,2026-04-24,14:49:56,-07:00,2026-04-24T14:49:56-07:00,0,0
global.js,110,js,a5d541b1,haw129-spec,2026-04-24,14:49:56,-07:00,2026-04-24T14:49:56-07:00,0,0
global.js,111,js,a5d541b1,haw129-spec,2026-04-24,14:49:56,-07:00,2026-04-24T14:49:56-07:00,0,79
global.js,112,js,a5d541b1,haw129-spec,2026-04-24,14:49:56,-07:00,2026-04-24T14:49:56-07:00,1,19
global.js,113,js,a5d541b1,haw129-spec,2026-04-24,14:49:56,-07:00,2026-04-24T14:49:56-07:00,1,22
global.js,114,js,a5d541b1,haw129-spec,2026-04-24,14:49:56,-07:00,2026-04-24T14:49:56-07:00,2,43
global.js,115,js,a5d541b1,haw129-spec,2026-04-24,14:49:56,-07:00,2026-04-24T14:49:56-07:00,2,5
global.js,116,js,a5d541b1,haw129-spec,2026-04-24,14:49:56,-07:00,2026-04-24T14:49:56-07:00,1,0
global.js,117,js,a5d541b1,haw129-spec,2026-04-24,14:49:56,-07:00,2026-04-24T14:49:56-07:00,0,0
global.js,118,js,a5d541b1,haw129-spec,2026-04-24,14:49:56,-07:00,2026-04-24T14:49:56-07:00,1,23
global.js,119,js,a5d541b1,haw129-spec,2026-04-24,14:49:56,-07:00,2026-04-24T14:49:56-07:00,1,52
global.js,120,js,a5d541b1,haw129-spec,2026-04-24,14:49:56,-07:00,2026-04-24T14:49:56-07:00,1,42
global.js,121,js,a5d541b1,haw129-spec,2026-04-24,14:49:56,-07:00,2026-04-24T14:49:56-07:00,2,18
global.js,122,js,a5d541b1,haw129-spec,2026-04-24,14:49:56,-07:00,2026-04-24T14:49:56-07:00,1,0
global.js,123,js,a5d541b1,haw129-spec,2026-04-24,14:49:56,-07:00,2026-04-24T14:49:56-07:00,0,0
global.js,124,js,a5d541b1,haw129-spec,2026-04-24,14:49:56,-07:00,2026-04-24T14:49:56-07:00,1,23
global.js,125,js,a5d541b1,haw129-spec,2026-04-24,14:49:56,-07:00,2026-04-24T14:49:56-07:00,1,30
global.js,126,js,a5d541b1,haw129-spec,2026-04-24,14:49:56,-07:00,2026-04-24T14:49:56-07:00,0,0
global.js,127,js,a5d541b1,haw129-spec,2026-04-24,14:49:56,-07:00,2026-04-24T14:49:56-07:00,1,22
global.js,128,js,a5d541b1,haw129-spec,2026-04-24,14:49:56,-07:00,2026-04-24T14:49:56-07:00,1,29
global.js,129,js,a5d541b1,haw129-spec,2026-04-24,14:49:56,-07:00,2026-04-24T14:49:56-07:00,2,48
global.js,130,js,a5d541b1,haw129-spec,2026-04-24,14:49:56,-07:00,2026-04-24T14:49:56-07:00,0,0
global.js,131,js,a5d541b1,haw129-spec,2026-04-24,14:49:56,-07:00,2026-04-24T14:49:56-07:00,2,19
global.js,132,js,a5d541b1,haw129-spec,2026-04-24,14:49:56,-07:00,2026-04-24T14:49:56-07:00,3,63
global.js,133,js,a5d541b1,haw129-spec,2026-04-24,14:49:56,-07:00,2026-04-24T14:49:56-07:00,3,74
global.js,134,js,772fe329,haw129-spec,2026-05-01,15:09:03,-07:00,2026-05-01T15:09:03-07:00,3,3
global.js,135,js,772fe329,haw129-spec,2026-05-01,15:09:03,-07:00,2026-05-01T15:09:03-07:00,4,57
global.js,136,js,772fe329,haw129-spec,2026-05-01,15:09:03,-07:00,2026-05-01T15:09:03-07:00,4,57
global.js,137,js,772fe329,haw129-spec,2026-05-01,15:09:03,-07:00,2026-05-01T15:09:03-07:00,3,4
global.js,138,js,a5d541b1,haw129-spec,2026-04-24,14:49:56,-07:00,2026-04-24T14:49:56-07:00,2,0
global.js,139,js,a5d541b1,haw129-spec,2026-04-24,14:49:56,-07:00,2026-04-24T14:49:56-07:00,0,0
global.js,140,js,a5d541b1,haw129-spec,2026-04-24,14:49:56,-07:00,2026-04-24T14:49:56-07:00,2,36
global.js,141,js,a5d541b1,haw129-spec,2026-04-24,14:49:56,-07:00,2026-04-24T14:49:56-07:00,1,0
global.js,142,js,a5d541b1,haw129-spec,2026-04-24,14:49:56,-07:00,2026-04-24T14:49:56-07:00,0,0
global.js,143,js,a5d541b1,haw129-spec,2026-04-24,14:49:56,-07:00,2026-04-24T14:49:56-07:00,0,0
global.js,144,js,a5d541b1,haw129-spec,2026-04-24,14:49:56,-07:00,2026-04-24T14:49:56-07:00,0,0
global.js,145,js,a5d541b1,haw129-spec,2026-04-24,14:49:56,-07:00,2026-04-24T14:49:56-07:00,0,47
global.js,146,js,a5d541b1,haw129-spec,2026-04-24,14:49:56,-07:00,2026-04-24T14:49:56-07:00,1,59
global.js,147,js,a5d541b1,haw129-spec,2026-04-24,14:49:56,-07:00,2026-04-24T14:49:56-07:00,0,0
resume/index.html,1,html,cbeee1c9,haw129-spec,2026-04-10,12:13:19,-07:00,2026-04-10T12:13:19-07:00,0,13
resume/index.html,2,html,cbeee1c9,haw129-spec,2026-04-10,12:13:19,-07:00,2026-04-10T12:13:19-07:00,0,14
resume/index.html,3,html,cbeee1c9,haw129-spec,2026-04-10,12:13:19,-07:00,2026-04-10T12:13:19-07:00,0,4
resume/index.html,4,html,cbeee1c9,haw129-spec,2026-04-10,12:13:19,-07:00,2026-04-10T12:13:19-07:00,2,20
resume/index.html,5,html,cbeee1c9,haw129-spec,2026-04-10,12:13:19,-07:00,2026-04-10T12:13:19-07:00,2,68
resume/index.html,6,html,cbeee1c9,haw129-spec,2026-04-10,12:13:19,-07:00,2026-04-10T12:13:19-07:00,2,33
resume/index.html,7,html,cbeee1c9,haw129-spec,2026-04-10,12:13:19,-07:00,2026-04-10T12:13:19-07:00,2,41
resume/index.html,8,html,a5d541b1,haw129-spec,2026-04-24,14:49:56,-07:00,2026-04-24T14:49:56-07:00,2,48
resume/index.html,9,html,cbeee1c9,haw129-spec,2026-04-10,12:13:19,-07:00,2026-04-10T12:13:19-07:00,0,5
resume/index.html,10,html,cbeee1c9,haw129-spec,2026-04-10,12:13:19,-07:00,2026-04-10T12:13:19-07:00,0,24
resume/index.html,11,html,5c4f38c9,haw129-spec,2026-04-17,21:37:09,-07:00,2026-04-17T21:37:09-07:00,2,8
resume/index.html,12,html,cbeee1c9,haw129-spec,2026-04-10,12:13:19,-07:00,2026-04-10T12:13:19-07:00,4,30
resume/index.html,13,html,cbeee1c9,haw129-spec,2026-04-10,12:13:19,-07:00,2026-04-10T12:13:19-07:00,4,43
resume/index.html,14,html,cbeee1c9,haw129-spec,2026-04-10,12:13:19,-07:00,2026-04-10T12:13:19-07:00,4,42
resume/index.html,15,html,5c4f38c9,haw129-spec,2026-04-17,21:37:09,-07:00,2026-04-17T21:37:09-07:00,4,39
resume/index.html,16,html,cbeee1c9,haw129-spec,2026-04-10,12:13:19,-07:00,2026-04-10T12:13:19-07:00,4,65
resume/index.html,17,html,5c4f38c9,haw129-spec,2026-04-17,21:37:09,-07:00,2026-04-17T21:37:09-07:00,2,8
resume/index.html,18,html,cbeee1c9,haw129-spec,2026-04-10,12:13:19,-07:00,2026-04-10T12:13:19-07:00,0,0
resume/index.html,19,html,cbeee1c9,haw129-spec,2026-04-10,12:13:19,-07:00,2026-04-10T12:13:19-07:00,2,19
resume/index.html,20,html,cbeee1c9,haw129-spec,2026-04-10,12:13:19,-07:00,2026-04-10T12:13:19-07:00,2,6
resume/index.html,21,html,cbeee1c9,haw129-spec,2026-04-10,12:13:19,-07:00,2026-04-10T12:13:19-07:00,4,18
resume/index.html,22,html,cbeee1c9,haw129-spec,2026-04-10,12:13:19,-07:00,2026-04-10T12:13:19-07:00,4,97
resume/index.html,23,html,cbeee1c9,haw129-spec,2026-04-10,12:13:19,-07:00,2026-04-10T12:13:19-07:00,4,1
resume/index.html,24,html,cbeee1c9,haw129-spec,2026-04-10,12:13:19,-07:00,2026-04-10T12:13:19-07:00,6,52
resume/index.html,25,html,cbeee1c9,haw129-spec,2026-04-10,12:13:19,-07:00,2026-04-10T12:13:19-07:00,6,73
resume/index.html,26,html,cbeee1c9,haw129-spec,2026-04-10,12:13:19,-07:00,2026-04-10T12:13:19-07:00,4,2
resume/index.html,27,html,cbeee1c9,haw129-spec,2026-04-10,12:13:19,-07:00,2026-04-10T12:13:19-07:00,2,7
resume/index.html,28,html,cbeee1c9,haw129-spec,2026-04-10,12:13:19,-07:00,2026-04-10T12:13:19-07:00,0,0
resume/index.html,29,html,cbeee1c9,haw129-spec,2026-04-10,12:13:19,-07:00,2026-04-10T12:13:19-07:00,2,7
resume/index.html,30,html,cbeee1c9,haw129-spec,2026-04-10,12:13:19,-07:00,2026-04-10T12:13:19-07:00,4,16
resume/index.html,31,html,cbeee1c9,haw129-spec,2026-04-10,12:13:19,-07:00,2026-04-10T12:13:19-07:00,4,7
resume/index.html,32,html,cbeee1c9,haw129-spec,2026-04-10,12:13:19,-07:00,2026-04-10T12:13:19-07:00,6,6
resume/index.html,33,html,cbeee1c9,haw129-spec,2026-04-10,12:13:19,-07:00,2026-04-10T12:13:19-07:00,8,42
resume/index.html,34,html,cbeee1c9,haw129-spec,2026-04-10,12:13:19,-07:00,2026-04-10T12:13:19-07:00,8,25
resume/index.html,35,html,cbeee1c9,haw129-spec,2026-04-10,12:13:19,-07:00,2026-04-10T12:13:19-07:00,8,95
resume/index.html,36,html,cbeee1c9,haw129-spec,2026-04-10,12:13:19,-07:00,2026-04-10T12:13:19-07:00,6,7
resume/index.html,37,html,cbeee1c9,haw129-spec,2026-04-10,12:13:19,-07:00,2026-04-10T12:13:19-07:00,6,1
resume/index.html,38,html,cbeee1c9,haw129-spec,2026-04-10,12:13:19,-07:00,2026-04-10T12:13:19-07:00,8,66
resume/index.html,39,html,cbeee1c9,haw129-spec,2026-04-10,12:13:19,-07:00,2026-04-10T12:13:19-07:00,6,2
resume/index.html,40,html,cbeee1c9,haw129-spec,2026-04-10,12:13:19,-07:00,2026-04-10T12:13:19-07:00,4,8
resume/index.html,41,html,cbeee1c9,haw129-spec,2026-04-10,12:13:19,-07:00,2026-04-10T12:13:19-07:00,2,8
resume/index.html,42,html,cbeee1c9,haw129-spec,2026-04-10,12:13:19,-07:00,2026-04-10T12:13:19-07:00,0,0
resume/index.html,43,html,cbeee1c9,haw129-spec,2026-04-10,12:13:19,-07:00,2026-04-10T12:13:19-07:00,2,7
resume/index.html,44,html,cbeee1c9,haw129-spec,2026-04-10,12:13:19,-07:00,2026-04-10T12:13:19-07:00,4,17
resume/index.html,45,html,cbeee1c9,haw129-spec,2026-04-10,12:13:19,-07:00,2026-04-10T12:13:19-07:00,0,0
resume/index.html,46,html,cbeee1c9,haw129-spec,2026-04-10,12:13:19,-07:00,2026-04-10T12:13:19-07:00,4,7
resume/index.html,47,html,cbeee1c9,haw129-spec,2026-04-10,12:13:19,-07:00,2026-04-10T12:13:19-07:00,6,6
resume/index.html,48,html,cbeee1c9,haw129-spec,2026-04-10,12:13:19,-07:00,2026-04-10T12:13:19-07:00,8,36
resume/index.html,49,html,cbeee1c9,haw129-spec,2026-04-10,12:13:19,-07:00,2026-04-10T12:13:19-07:00,8,61
resume/index.html,50,html,cbeee1c9,haw129-spec,2026-04-10,12:13:19,-07:00,2026-04-10T12:13:19-07:00,6,7
resume/index.html,51,html,cbeee1c9,haw129-spec,2026-04-10,12:13:19,-07:00,2026-04-10T12:13:19-07:00,6,2
resume/index.html,52,html,cbeee1c9,haw129-spec,2026-04-10,12:13:19,-07:00,2026-04-10T12:13:19-07:00,8,67
resume/index.html,53,html,cbeee1c9,haw129-spec,2026-04-10,12:13:19,-07:00,2026-04-10T12:13:19-07:00,8,78
resume/index.html,54,html,cbeee1c9,haw129-spec,2026-04-10,12:13:19,-07:00,2026-04-10T12:13:19-07:00,8,69
resume/index.html,55,html,cbeee1c9,haw129-spec,2026-04-10,12:13:19,-07:00,2026-04-10T12:13:19-07:00,6,3
resume/index.html,56,html,cbeee1c9,haw129-spec,2026-04-10,12:13:19,-07:00,2026-04-10T12:13:19-07:00,4,8
resume/index.html,57,html,cbeee1c9,haw129-spec,2026-04-10,12:13:19,-07:00,2026-04-10T12:13:19-07:00,0,0
resume/index.html,58,html,cbeee1c9,haw129-spec,2026-04-10,12:13:19,-07:00,2026-04-10T12:13:19-07:00,4,7
resume/index.html,59,html,cbeee1c9,haw129-spec,2026-04-10,12:13:19,-07:00,2026-04-10T12:13:19-07:00,6,6
resume/index.html,60,html,cbeee1c9,haw129-spec,2026-04-10,12:13:19,-07:00,2026-04-10T12:13:19-07:00,8,33
resume/index.html,61,html,cbeee1c9,haw129-spec,2026-04-10,12:13:19,-07:00,2026-04-10T12:13:19-07:00,8,95
resume/index.html,62,html,cbeee1c9,haw129-spec,2026-04-10,12:13:19,-07:00,2026-04-10T12:13:19-07:00,6,7
resume/index.html,63,html,cbeee1c9,haw129-spec,2026-04-10,12:13:19,-07:00,2026-04-10T12:13:19-07:00,6,2
resume/index.html,64,html,cbeee1c9,haw129-spec,2026-04-10,12:13:19,-07:00,2026-04-10T12:13:19-07:00,8,70
resume/index.html,65,html,cbeee1c9,haw129-spec,2026-04-10,12:13:19,-07:00,2026-04-10T12:13:19-07:00,8,75
resume/index.html,66,html,cbeee1c9,haw129-spec,2026-04-10,12:13:19,-07:00,2026-04-10T12:13:19-07:00,8,66
resume/index.html,67,html,cbeee1c9,haw129-spec,2026-04-10,12:13:19,-07:00,2026-04-10T12:13:19-07:00,6,3
resume/index.html,68,html,cbeee1c9,haw129-spec,2026-04-10,12:13:19,-07:00,2026-04-10T12:13:19-07:00,4,8
resume/index.html,69,html,cbeee1c9,haw129-spec,2026-04-10,12:13:19,-07:00,2026-04-10T12:13:19-07:00,2,8
resume/index.html,70,html,cbeee1c9,haw129-spec,2026-04-10,12:13:19,-07:00,2026-04-10T12:13:19-07:00,0,0
resume/index.html,71,html,cbeee1c9,haw129-spec,2026-04-10,12:13:19,-07:00,2026-04-10T12:13:19-07:00,0,0
resume/index.html,72,html,cbeee1c9,haw129-spec,2026-04-10,12:13:19,-07:00,2026-04-10T12:13:19-07:00,0,0
resume/index.html,73,html,cbeee1c9,haw129-spec,2026-04-10,12:13:19,-07:00,2026-04-10T12:13:19-07:00,2,7
resume/index.html,74,html,cbeee1c9,haw129-spec,2026-04-10,12:13:19,-07:00,2026-04-10T12:13:19-07:00,4,13
resume/index.html,75,html,cbeee1c9,haw129-spec,2026-04-10,12:13:19,-07:00,2026-04-10T12:13:19-07:00,4,2
resume/index.html,76,html,cbeee1c9,haw129-spec,2026-04-10,12:13:19,-07:00,2026-04-10T12:13:19-07:00,6,11
resume/index.html,77,html,cbeee1c9,haw129-spec,2026-04-10,12:13:19,-07:00,2026-04-10T12:13:19-07:00,6,10
resume/index.html,78,html,cbeee1c9,haw129-spec,2026-04-10,12:13:19,-07:00,2026-04-10T12:13:19-07:00,6,13
resume/index.html,79,html,cbeee1c9,haw129-spec,2026-04-10,12:13:19,-07:00,2026-04-10T12:13:19-07:00,6,20
resume/index.html,80,html,cbeee1c9,haw129-spec,2026-04-10,12:13:19,-07:00,2026-04-10T12:13:19-07:00,6,20
resume/index.html,81,html,cbeee1c9,haw129-spec,2026-04-10,12:13:19,-07:00,2026-04-10T12:13:19-07:00,4,3
resume/index.html,82,html,cbeee1c9,haw129-spec,2026-04-10,12:13:19,-07:00,2026-04-10T12:13:19-07:00,2,8
resume/index.html,83,html,cbeee1c9,haw129-spec,2026-04-10,12:13:19,-07:00,2026-04-10T12:13:19-07:00,2,8
resume/index.html,84,html,cbeee1c9,haw129-spec,2026-04-10,12:13:19,-07:00,2026-04-10T12:13:19-07:00,2,5
resume/index.html,85,html,cbeee1c9,haw129-spec,2026-04-10,12:13:19,-07:00,2026-04-10T12:13:19-07:00,0,5
resume/index.html,86,html,cbeee1c9,haw129-spec,2026-04-10,12:13:19,-07:00,2026-04-10T12:13:19-07:00,0,5
projects/projects.js,1,js,a5d541b1,haw129-spec,2026-04-24,14:49:56,-07:00,2026-04-24T14:49:56-07:00,0,55
projects/projects.js,2,js,772fe329,haw129-spec,2026-05-01,15:09:03,-07:00,2026-05-01T15:09:03-07:00,0,63
projects/projects.js,3,js,a5d541b1,haw129-spec,2026-04-24,14:49:56,-07:00,2026-04-24T14:49:56-07:00,0,0
projects/projects.js,4,js,a5d541b1,haw129-spec,2026-04-24,14:49:56,-07:00,2026-04-24T14:49:56-07:00,0,19
projects/projects.js,5,js,a5d541b1,haw129-spec,2026-04-24,14:49:56,-07:00,2026-04-24T14:49:56-07:00,0,55
projects/projects.js,6,js,a5d541b1,haw129-spec,2026-04-24,14:49:56,-07:00,2026-04-24T14:49:56-07:00,0,0
projects/projects.js,7,js,a5d541b1,haw129-spec,2026-04-24,14:49:56,-07:00,2026-04-24T14:49:56-07:00,0,61
projects/projects.js,8,js,a5d541b1,haw129-spec,2026-04-24,14:49:56,-07:00,2026-04-24T14:49:56-07:00,0,0
projects/projects.js,9,js,a5d541b1,haw129-spec,2026-04-24,14:49:56,-07:00,2026-04-24T14:49:56-07:00,0,55
projects/projects.js,10,js,a5d541b1,haw129-spec,2026-04-24,14:49:56,-07:00,2026-04-24T14:49:56-07:00,0,0
projects/projects.js,11,js,a5d541b1,haw129-spec,2026-04-24,14:49:56,-07:00,2026-04-24T14:49:56-07:00,0,17
projects/projects.js,12,js,a5d541b1,haw129-spec,2026-04-24,14:49:56,-07:00,2026-04-24T14:49:56-07:00,0,60
projects/projects.js,13,js,a5d541b1,haw129-spec,2026-04-24,14:49:56,-07:00,2026-04-24T14:49:56-07:00,0,0
projects/projects.js,14,js,772fe329,haw129-spec,2026-05-01,15:09:03,-07:00,2026-05-01T15:09:03-07:00,0,13
projects/projects.js,15,js,772fe329,haw129-spec,2026-05-01,15:09:03,-07:00,2026-05-01T15:09:03-07:00,0,53
projects/projects.js,16,js,772fe329,haw129-spec,2026-05-01,15:09:03,-07:00,2026-05-01T15:09:03-07:00,0,21
projects/projects.js,17,js,772fe329,haw129-spec,2026-05-01,15:09:03,-07:00,2026-05-01T15:09:03-07:00,0,0
projects/projects.js,18,js,772fe329,haw129-spec,2026-05-01,15:09:03,-07:00,2026-05-01T15:09:03-07:00,0,30
projects/projects.js,19,js,772fe329,haw129-spec,2026-05-01,15:09:03,-07:00,2026-05-01T15:09:03-07:00,1,43
projects/projects.js,20,js,772fe329,haw129-spec,2026-05-01,15:09:03,-07:00,2026-05-01T15:09:03-07:00,2,59
projects/projects.js,21,js,772fe329,haw129-spec,2026-05-01,15:09:03,-07:00,2026-05-01T15:09:03-07:00,2,42
projects/projects.js,22,js,772fe329,haw129-spec,2026-05-01,15:09:03,-07:00,2026-05-01T15:09:03-07:00,1,1
projects/projects.js,23,js,772fe329,haw129-spec,2026-05-01,15:09:03,-07:00,2026-05-01T15:09:03-07:00,0,0
projects/projects.js,24,js,772fe329,haw129-spec,2026-05-01,15:09:03,-07:00,2026-05-01T15:09:03-07:00,1,25
projects/projects.js,25,js,772fe329,haw129-spec,2026-05-01,15:09:03,-07:00,2026-05-01T15:09:03-07:00,2,22
projects/projects.js,26,js,772fe329,haw129-spec,2026-05-01,15:09:03,-07:00,2026-05-01T15:09:03-07:00,3,7
projects/projects.js,27,js,772fe329,haw129-spec,2026-05-01,15:09:03,-07:00,2026-05-01T15:09:03-07:00,3,14
projects/projects.js,28,js,772fe329,haw129-spec,2026-05-01,15:09:03,-07:00,2026-05-01T15:09:03-07:00,3,12
projects/projects.js,29,js,772fe329,haw129-spec,2026-05-01,15:09:03,-07:00,2026-05-01T15:09:03-07:00,2,0
projects/projects.js,30,js,772fe329,haw129-spec,2026-05-01,15:09:03,-07:00,2026-05-01T15:09:03-07:00,0,0
projects/projects.js,31,js,772fe329,haw129-spec,2026-05-01,15:09:03,-07:00,2026-05-01T15:09:03-07:00,2,40
projects/projects.js,32,js,772fe329,haw129-spec,2026-05-01,15:09:03,-07:00,2026-05-01T15:09:03-07:00,3,35
projects/projects.js,33,js,772fe329,haw129-spec,2026-05-01,15:09:03,-07:00,2026-05-01T15:09:03-07:00,2,1
projects/projects.js,34,js,772fe329,haw129-spec,2026-05-01,15:09:03,-07:00,2026-05-01T15:09:03-07:00,0,0
projects/projects.js,35,js,772fe329,haw129-spec,2026-05-01,15:09:03,-07:00,2026-05-01T15:09:03-07:00,2,44
projects/projects.js,36,js,772fe329,haw129-spec,2026-05-01,15:09:03,-07:00,2026-05-01T15:09:03-07:00,2,17
projects/projects.js,37,js,772fe329,haw129-spec,2026-05-01,15:09:03,-07:00,2026-05-01T15:09:03-07:00,3,69
projects/projects.js,38,js,772fe329,haw129-spec,2026-05-01,15:09:03,-07:00,2026-05-01T15:09:03-07:00,2,0
projects/projects.js,39,js,772fe329,haw129-spec,2026-05-01,15:09:03,-07:00,2026-05-01T15:09:03-07:00,1,0
projects/projects.js,40,js,772fe329,haw129-spec,2026-05-01,15:09:03,-07:00,2026-05-01T15:09:03-07:00,0,0
projects/projects.js,41,js,772fe329,haw129-spec,2026-05-01,15:09:03,-07:00,2026-05-01T15:09:03-07:00,1,14
projects/projects.js,42,js,772fe329,haw129-spec,2026-05-01,15:09:03,-07:00,2026-05-01T15:09:03-07:00,0,0
projects/projects.js,43,js,772fe329,haw129-spec,2026-05-01,15:09:03,-07:00,2026-05-01T15:09:03-07:00,0,0
projects/projects.js,44,js,a5d541b1,haw129-spec,2026-04-24,14:49:56,-07:00,2026-04-24T14:49:56-07:00,0,16
projects/projects.js,45,js,a5d541b1,haw129-spec,2026-04-24,14:49:56,-07:00,2026-04-24T14:49:56-07:00,0,48
projects/projects.js,46,js,772fe329,haw129-spec,2026-05-01,15:09:03,-07:00,2026-05-01T15:09:03-07:00,0,0
projects/projects.js,47,js,772fe329,haw129-spec,2026-05-01,15:09:03,-07:00,2026-05-01T15:09:03-07:00,0,38
projects/projects.js,48,js,772fe329,haw129-spec,2026-05-01,15:09:03,-07:00,2026-05-01T15:09:03-07:00,1,29
projects/projects.js,49,js,772fe329,haw129-spec,2026-05-01,15:09:03,-07:00,2026-05-01T15:09:03-07:00,2,12
projects/projects.js,50,js,772fe329,haw129-spec,2026-05-01,15:09:03,-07:00,2026-05-01T15:09:03-07:00,2,14
projects/projects.js,51,js,772fe329,haw129-spec,2026-05-01,15:09:03,-07:00,2026-05-01T15:09:03-07:00,2,12
projects/projects.js,52,js,772fe329,haw129-spec,2026-05-01,15:09:03,-07:00,2026-05-01T15:09:03-07:00,1,0
projects/projects.js,53,js,772fe329,haw129-spec,2026-05-01,15:09:03,-07:00,2026-05-01T15:09:03-07:00,0,0
projects/projects.js,54,js,772fe329,haw129-spec,2026-05-01,15:09:03,-07:00,2026-05-01T15:09:03-07:00,1,50
projects/projects.js,55,js,772fe329,haw129-spec,2026-05-01,15:09:03,-07:00,2026-05-01T15:09:03-07:00,2,35
projects/projects.js,56,js,772fe329,haw129-spec,2026-05-01,15:09:03,-07:00,2026-05-01T15:09:03-07:00,1,1
projects/projects.js,57,js,772fe329,haw129-spec,2026-05-01,15:09:03,-07:00,2026-05-01T15:09:03-07:00,0,0
projects/projects.js,58,js,772fe329,haw129-spec,2026-05-01,15:09:03,-07:00,2026-05-01T15:09:03-07:00,1,53
projects/projects.js,59,js,772fe329,haw129-spec,2026-05-01,15:09:03,-07:00,2026-05-01T15:09:03-07:00,1,42
projects/projects.js,60,js,772fe329,haw129-spec,2026-05-01,15:09:03,-07:00,2026-05-01T15:09:03-07:00,0,0
projects/projects.js,61,js,772fe329,haw129-spec,2026-05-01,15:09:03,-07:00,2026-05-01T15:09:03-07:00,1,60
projects/projects.js,62,js,772fe329,haw129-spec,2026-05-01,15:09:03,-07:00,2026-05-01T15:09:03-07:00,1,54
projects/projects.js,63,js,772fe329,haw129-spec,2026-05-01,15:09:03,-07:00,2026-05-01T15:09:03-07:00,0,0
projects/projects.js,64,js,772fe329,haw129-spec,2026-05-01,15:09:03,-07:00,2026-05-01T15:09:03-07:00,1,28
projects/projects.js,65,js,772fe329,haw129-spec,2026-05-01,15:09:03,-07:00,2026-05-01T15:09:03-07:00,1,32
projects/projects.js,66,js,772fe329,haw129-spec,2026-05-01,15:09:03,-07:00,2026-05-01T15:09:03-07:00,0,0
projects/projects.js,67,js,772fe329,haw129-spec,2026-05-01,15:09:03,-07:00,2026-05-01T15:09:03-07:00,1,32
projects/projects.js,68,js,772fe329,haw129-spec,2026-05-01,15:09:03,-07:00,2026-05-01T15:09:03-07:00,1,30
projects/projects.js,69,js,772fe329,haw129-spec,2026-05-01,15:09:03,-07:00,2026-05-01T15:09:03-07:00,0,0
projects/projects.js,70,js,772fe329,haw129-spec,2026-05-01,15:09:03,-07:00,2026-05-01T15:09:03-07:00,1,47
projects/projects.js,71,js,772fe329,haw129-spec,2026-05-01,15:09:03,-07:00,2026-05-01T15:09:03-07:00,0,0
projects/projects.js,72,js,772fe329,haw129-spec,2026-05-01,15:09:03,-07:00,2026-05-01T15:09:03-07:00,1,29
projects/projects.js,73,js,772fe329,haw129-spec,2026-05-01,15:09:03,-07:00,2026-05-01T15:09:03-07:00,2,4
projects/projects.js,74,js,772fe329,haw129-spec,2026-05-01,15:09:03,-07:00,2026-05-01T15:09:03-07:00,3,13
projects/projects.js,75,js,772fe329,haw129-spec,2026-05-01,15:09:03,-07:00,2026-05-01T15:09:03-07:00,3,13
projects/projects.js,76,js,772fe329,haw129-spec,2026-05-01,15:09:03,-07:00,2026-05-01T15:09:03-07:00,3,24
projects/projects.js,77,js,772fe329,haw129-spec,2026-05-01,15:09:03,-07:00,2026-05-01T15:09:03-07:00,3,53
projects/projects.js,78,js,772fe329,haw129-spec,2026-05-01,15:09:03,-07:00,2026-05-01T15:09:03-07:00,3,18
projects/projects.js,79,js,772fe329,haw129-spec,2026-05-01,15:09:03,-07:00,2026-05-01T15:09:03-07:00,4,47
projects/projects.js,80,js,772fe329,haw129-spec,2026-05-01,15:09:03,-07:00,2026-05-01T15:09:03-07:00,0,0
projects/projects.js,81,js,772fe329,haw129-spec,2026-05-01,15:09:03,-07:00,2026-05-01T15:09:03-07:00,4,4
projects/projects.js,82,js,772fe329,haw129-spec,2026-05-01,15:09:03,-07:00,2026-05-01T15:09:03-07:00,5,16
projects/projects.js,83,js,772fe329,haw129-spec,2026-05-01,15:09:03,-07:00,2026-05-01T15:09:03-07:00,5,64
projects/projects.js,84,js,772fe329,haw129-spec,2026-05-01,15:09:03,-07:00,2026-05-01T15:09:03-07:00,0,0
projects/projects.js,85,js,772fe329,haw129-spec,2026-05-01,15:09:03,-07:00,2026-05-01T15:09:03-07:00,4,4
projects/projects.js,86,js,772fe329,haw129-spec,2026-05-01,15:09:03,-07:00,2026-05-01T15:09:03-07:00,5,14
projects/projects.js,87,js,772fe329,haw129-spec,2026-05-01,15:09:03,-07:00,2026-05-01T15:09:03-07:00,5,22
projects/projects.js,88,js,772fe329,haw129-spec,2026-05-01,15:09:03,-07:00,2026-05-01T15:09:03-07:00,6,58
projects/projects.js,89,js,772fe329,haw129-spec,2026-05-01,15:09:03,-07:00,2026-05-01T15:09:03-07:00,5,0
projects/projects.js,90,js,772fe329,haw129-spec,2026-05-01,15:09:03,-07:00,2026-05-01T15:09:03-07:00,0,0
projects/projects.js,91,js,772fe329,haw129-spec,2026-05-01,15:09:03,-07:00,2026-05-01T15:09:03-07:00,4,43
projects/projects.js,92,js,772fe329,haw129-spec,2026-05-01,15:09:03,-07:00,2026-05-01T15:09:03-07:00,4,56
projects/projects.js,93,js,772fe329,haw129-spec,2026-05-01,15:09:03,-07:00,2026-05-01T15:09:03-07:00,4,31
projects/projects.js,94,js,772fe329,haw129-spec,2026-05-01,15:09:03,-07:00,2026-05-01T15:09:03-07:00,3,1
projects/projects.js,95,js,772fe329,haw129-spec,2026-05-01,15:09:03,-07:00,2026-05-01T15:09:03-07:00,1,1
projects/projects.js,96,js,772fe329,haw129-spec,2026-05-01,15:09:03,-07:00,2026-05-01T15:09:03-07:00,0,0
projects/projects.js,97,js,772fe329,haw129-spec,2026-05-01,15:09:03,-07:00,2026-05-01T15:09:03-07:00,1,27
projects/projects.js,98,js,772fe329,haw129-spec,2026-05-01,15:09:03,-07:00,2026-05-01T15:09:03-07:00,2,4
projects/projects.js,99,js,772fe329,haw129-spec,2026-05-01,15:09:03,-07:00,2026-05-01T15:09:03-07:00,3,11
projects/projects.js,100,js,772fe329,haw129-spec,2026-05-01,15:09:03,-07:00,2026-05-01T15:09:03-07:00,3,38
projects/projects.js,101,js,772fe329,haw129-spec,2026-05-01,15:09:03,-07:00,2026-05-01T15:09:03-07:00,3,76
projects/projects.js,102,js,772fe329,haw129-spec,2026-05-01,15:09:03,-07:00,2026-05-01T15:09:03-07:00,3,69
projects/projects.js,103,js,772fe329,haw129-spec,2026-05-01,15:09:03,-07:00,2026-05-01T15:09:03-07:00,1,1
projects/projects.js,104,js,772fe329,haw129-spec,2026-05-01,15:09:03,-07:00,2026-05-01T15:09:03-07:00,0,0
projects/projects.js,105,js,772fe329,haw129-spec,2026-05-01,15:09:03,-07:00,2026-05-01T15:09:03-07:00,0,0
projects/projects.js,106,js,772fe329,haw129-spec,2026-05-01,15:09:03,-07:00,2026-05-01T15:09:03-07:00,0,23
projects/projects.js,107,js,772fe329,haw129-spec,2026-05-01,15:09:03,-07:00,2026-05-01T15:09:03-07:00,0,0
projects/projects.js,108,js,772fe329,haw129-spec,2026-05-01,15:09:03,-07:00,2026-05-01T15:09:03-07:00,0,48
projects/projects.js,109,js,772fe329,haw129-spec,2026-05-01,15:09:03,-07:00,2026-05-01T15:09:03-07:00,1,25
projects/projects.js,110,js,772fe329,haw129-spec,2026-05-01,15:09:03,-07:00,2026-05-01T15:09:03-07:00,0,0
projects/projects.js,111,js,772fe329,haw129-spec,2026-05-01,15:09:03,-07:00,2026-05-01T15:09:03-07:00,1,43
projects/projects.js,112,js,772fe329,haw129-spec,2026-05-01,15:09:03,-07:00,2026-05-01T15:09:03-07:00,1,56
projects/projects.js,113,js,772fe329,haw129-spec,2026-05-01,15:09:03,-07:00,2026-05-01T15:09:03-07:00,1,31
projects/projects.js,114,js,772fe329,haw129-spec,2026-05-01,15:09:03,-07:00,2026-05-01T15:09:03-07:00,0,1
projects/index.html,1,html,cbeee1c9,haw129-spec,2026-04-10,12:13:19,-07:00,2026-04-10T12:13:19-07:00,0,13
projects/index.html,2,html,cbeee1c9,haw129-spec,2026-04-10,12:13:19,-07:00,2026-04-10T12:13:19-07:00,0,14
projects/index.html,3,html,cbeee1c9,haw129-spec,2026-04-10,12:13:19,-07:00,2026-04-10T12:13:19-07:00,0,4
projects/index.html,4,html,cbeee1c9,haw129-spec,2026-04-10,12:13:19,-07:00,2026-04-10T12:13:19-07:00,2,20
projects/index.html,5,html,cbeee1c9,haw129-spec,2026-04-10,12:13:19,-07:00,2026-04-10T12:13:19-07:00,2,68
projects/index.html,6,html,cbeee1c9,haw129-spec,2026-04-10,12:13:19,-07:00,2026-04-10T12:13:19-07:00,2,21
projects/index.html,7,html,cbeee1c9,haw129-spec,2026-04-10,12:13:19,-07:00,2026-04-10T12:13:19-07:00,2,41
projects/index.html,8,html,a5d541b1,haw129-spec,2026-04-24,14:49:56,-07:00,2026-04-24T14:49:56-07:00,2,48
projects/index.html,9,html,a5d541b1,haw129-spec,2026-04-24,14:49:56,-07:00,2026-04-24T14:49:56-07:00,2,47
projects/index.html,10,html,cbeee1c9,haw129-spec,2026-04-10,12:13:19,-07:00,2026-04-10T12:13:19-07:00,0,5
projects/index.html,11,html,cbeee1c9,haw129-spec,2026-04-10,12:13:19,-07:00,2026-04-10T12:13:19-07:00,0,4
projects/index.html,12,html,772fe329,haw129-spec,2026-05-01,15:09:03,-07:00,2026-05-01T15:09:03-07:00,0,0
projects/index.html,13,html,cbeee1c9,haw129-spec,2026-04-10,12:13:19,-07:00,2026-04-10T12:13:19-07:00,0,0
projects/index.html,14,html,a5d541b1,haw129-spec,2026-04-24,14:49:56,-07:00,2026-04-24T14:49:56-07:00,2,38
projects/index.html,15,html,772fe329,haw129-spec,2026-05-01,15:09:03,-07:00,2026-05-01T15:09:03-07:00,2,21
projects/index.html,16,html,772fe329,haw129-spec,2026-05-01,15:09:03,-07:00,2026-05-01T15:09:03-07:00,4,54
projects/index.html,17,html,772fe329,haw129-spec,2026-05-01,15:09:03,-07:00,2026-05-01T15:09:03-07:00,4,22
projects/index.html,18,html,772fe329,haw129-spec,2026-05-01,15:09:03,-07:00,2026-05-01T15:09:03-07:00,2,4
projects/index.html,19,html,772fe329,haw129-spec,2026-05-01,15:09:03,-07:00,2026-05-01T15:09:03-07:00,2,4
projects/index.html,20,html,772fe329,haw129-spec,2026-05-01,15:09:03,-07:00,2026-05-01T15:09:03-07:00,2,15
projects/index.html,21,html,772fe329,haw129-spec,2026-05-01,15:09:03,-07:00,2026-05-01T15:09:03-07:00,2,11
projects/index.html,22,html,772fe329,haw129-spec,2026-05-01,15:09:03,-07:00,2026-05-01T15:09:03-07:00,2,26
projects/index.html,23,html,772fe329,haw129-spec,2026-05-01,15:09:03,-07:00,2026-05-01T15:09:03-07:00,2,31
projects/index.html,24,html,772fe329,haw129-spec,2026-05-01,15:09:03,-07:00,2026-05-01T15:09:03-07:00,2,0
projects/index.html,25,html,772fe329,haw129-spec,2026-05-01,15:09:03,-07:00,2026-05-01T15:09:03-07:00,0,0
projects/index.html,26,html,772fe329,haw129-spec,2026-05-01,15:09:03,-07:00,2026-05-01T15:09:03-07:00,2,0
projects/index.html,27,html,772fe329,haw129-spec,2026-05-01,15:09:03,-07:00,2026-05-01T15:09:03-07:00,0,0
projects/index.html,28,html,772fe329,haw129-spec,2026-05-01,15:09:03,-07:00,2026-05-01T15:09:03-07:00,0,0
projects/index.html,29,html,772fe329,haw129-spec,2026-05-01,15:09:03,-07:00,2026-05-01T15:09:03-07:00,0,0
projects/index.html,30,html,cbeee1c9,haw129-spec,2026-04-10,12:13:19,-07:00,2026-04-10T12:13:19-07:00,2,20
projects/index.html,31,html,cbeee1c9,haw129-spec,2026-04-10,12:13:19,-07:00,2026-04-10T12:13:19-07:00,2,4
projects/index.html,32,html,cbeee1c9,haw129-spec,2026-04-10,12:13:19,-07:00,2026-04-10T12:13:19-07:00,0,0
projects/index.html,33,html,cbeee1c9,haw129-spec,2026-04-10,12:13:19,-07:00,2026-04-10T12:13:19-07:00,0,5
projects/index.html,34,html,cbeee1c9,haw129-spec,2026-04-10,12:13:19,-07:00,2026-04-10T12:13:19-07:00,0,5
contacts/index.html,1,html,cbeee1c9,haw129-spec,2026-04-10,12:13:19,-07:00,2026-04-10T12:13:19-07:00,0,13
contacts/index.html,2,html,cbeee1c9,haw129-spec,2026-04-10,12:13:19,-07:00,2026-04-10T12:13:19-07:00,0,14
contacts/index.html,3,html,cbeee1c9,haw129-spec,2026-04-10,12:13:19,-07:00,2026-04-10T12:13:19-07:00,0,4
contacts/index.html,4,html,cbeee1c9,haw129-spec,2026-04-10,12:13:19,-07:00,2026-04-10T12:13:19-07:00,2,41
contacts/index.html,5,html,cbeee1c9,haw129-spec,2026-04-10,12:13:19,-07:00,2026-04-10T12:13:19-07:00,2,20
contacts/index.html,6,html,cbeee1c9,haw129-spec,2026-04-10,12:13:19,-07:00,2026-04-10T12:13:19-07:00,2,68
contacts/index.html,7,html,cbeee1c9,haw129-spec,2026-04-10,12:13:19,-07:00,2026-04-10T12:13:19-07:00,2,21
contacts/index.html,8,html,a5d541b1,haw129-spec,2026-04-24,14:49:56,-07:00,2026-04-24T14:49:56-07:00,2,48
contacts/index.html,9,html,cbeee1c9,haw129-spec,2026-04-10,12:13:19,-07:00,2026-04-10T12:13:19-07:00,0,5
contacts/index.html,10,html,cbeee1c9,haw129-spec,2026-04-10,12:13:19,-07:00,2026-04-10T12:13:19-07:00,0,4
contacts/index.html,11,html,cbeee1c9,haw129-spec,2026-04-10,12:13:19,-07:00,2026-04-10T12:13:19-07:00,2,15
contacts/index.html,12,html,5c4f38c9,haw129-spec,2026-04-17,21:37:09,-07:00,2026-04-17T21:37:09-07:00,2,8
contacts/index.html,13,html,cbeee1c9,haw129-spec,2026-04-10,12:13:19,-07:00,2026-04-10T12:13:19-07:00,4,30
contacts/index.html,14,html,cbeee1c9,haw129-spec,2026-04-10,12:13:19,-07:00,2026-04-10T12:13:19-07:00,4,43
contacts/index.html,15,html,cbeee1c9,haw129-spec,2026-04-10,12:13:19,-07:00,2026-04-10T12:13:19-07:00,4,42
contacts/index.html,16,html,cbeee1c9,haw129-spec,2026-04-10,12:13:19,-07:00,2026-04-10T12:13:19-07:00,4,39
contacts/index.html,17,html,cbeee1c9,haw129-spec,2026-04-10,12:13:19,-07:00,2026-04-10T12:13:19-07:00,4,75
contacts/index.html,18,html,5c4f38c9,haw129-spec,2026-04-17,21:37:09,-07:00,2026-04-17T21:37:09-07:00,2,8
contacts/index.html,19,html,cbeee1c9,haw129-spec,2026-04-10,12:13:19,-07:00,2026-04-10T12:13:19-07:00,2,0
contacts/index.html,20,html,cbeee1c9,haw129-spec,2026-04-10,12:13:19,-07:00,2026-04-10T12:13:19-07:00,2,71
contacts/index.html,21,html,cbeee1c9,haw129-spec,2026-04-10,12:13:19,-07:00,2026-04-10T12:13:19-07:00,4,5
contacts/index.html,22,html,cbeee1c9,haw129-spec,2026-04-10,12:13:19,-07:00,2026-04-10T12:13:19-07:00,6,4
contacts/index.html,23,html,cbeee1c9,haw129-spec,2026-04-10,12:13:19,-07:00,2026-04-10T12:13:19-07:00,6,31
contacts/index.html,24,html,cbeee1c9,haw129-spec,2026-04-10,12:13:19,-07:00,2026-04-10T12:13:19-07:00,4,6
contacts/index.html,25,html,cbeee1c9,haw129-spec,2026-04-10,12:13:19,-07:00,2026-04-10T12:13:19-07:00,0,0
contacts/index.html,26,html,cbeee1c9,haw129-spec,2026-04-10,12:13:19,-07:00,2026-04-10T12:13:19-07:00,4,5
contacts/index.html,27,html,cbeee1c9,haw129-spec,2026-04-10,12:13:19,-07:00,2026-04-10T12:13:19-07:00,6,6
contacts/index.html,28,html,cbeee1c9,haw129-spec,2026-04-10,12:13:19,-07:00,2026-04-10T12:13:19-07:00,6,20
contacts/index.html,29,html,cbeee1c9,haw129-spec,2026-04-10,12:13:19,-07:00,2026-04-10T12:13:19-07:00,4,6
contacts/index.html,30,html,cbeee1c9,haw129-spec,2026-04-10,12:13:19,-07:00,2026-04-10T12:13:19-07:00,0,0
contacts/index.html,31,html,cbeee1c9,haw129-spec,2026-04-10,12:13:19,-07:00,2026-04-10T12:13:19-07:00,4,5
contacts/index.html,32,html,cbeee1c9,haw129-spec,2026-04-10,12:13:19,-07:00,2026-04-10T12:13:19-07:00,6,3
contacts/index.html,33,html,cbeee1c9,haw129-spec,2026-04-10,12:13:19,-07:00,2026-04-10T12:13:19-07:00,6,31
contacts/index.html,34,html,cbeee1c9,haw129-spec,2026-04-10,12:13:19,-07:00,2026-04-10T12:13:19-07:00,4,6
contacts/index.html,35,html,cbeee1c9,haw129-spec,2026-04-10,12:13:19,-07:00,2026-04-10T12:13:19-07:00,0,0
contacts/index.html,36,html,cbeee1c9,haw129-spec,2026-04-10,12:13:19,-07:00,2026-04-10T12:13:19-07:00,4,21
contacts/index.html,37,html,cbeee1c9,haw129-spec,2026-04-10,12:13:19,-07:00,2026-04-10T12:13:19-07:00,2,5
contacts/index.html,38,html,cbeee1c9,haw129-spec,2026-04-10,12:13:19,-07:00,2026-04-10T12:13:19-07:00,0,5
contacts/index.html,39,html,cbeee1c9,haw129-spec,2026-04-10,12:13:19,-07:00,2026-04-10T12:13:19-07:00,0,5
